_id,name,slug,state,city,status,createdAt,updatedAt
653627f86f430df4b33f1a15,Ardee City,ardee-city,Haryana,Gurugram,Active,2023-08-14T17:54:22.951Z,2023-10-07T07:32:45.356Z
653627f86f430df4b33f1a16,Arjun Nagar,arjun-nagar,Haryana,Gurugram,Active,2023-08-14T17:54:22.951Z,2023-08-14T17:54:22.951Z
653627f86f430df4b33f1a17,Ashok Vihar Phase 1,ashok-vihar-phase-1,Haryana,Gurugram,Active,2023-08-14T17:54:22.951Z,2023-08-14T17:54:22.951Z
653627f86f430df4b33f1a18,Ashok Vihar Phase 2,ashok-vihar-phase-2,Haryana,Gurugram,Active,2023-08-14T17:54:22.951Z,2023-08-14T17:54:22.951Z
653627f86f430df4b33f1a19,Ashok Vihar Phase 3,ashok-vihar-phase-3,Haryana,Gurugram,Active,2023-08-14T17:54:22.951Z,2023-08-14T17:54:22.951Z
653627f86f430df4b33f1a1a,Badshapur,badshapur,Haryana,Gurugram,Active,2023-08-14T17:54:22.951Z,2023-08-14T17:54:22.951Z
653627f86f430df4b33f1a1b,Bhondsi,bhondsi,Haryana,Gurugram,Active,2023-08-14T17:54:22.951Z,2023-08-14T17:54:22.951Z
653627f86f430df4b33f1a1c,Chakkarpur,chakkarpur,Haryana,Gurugram,Active,2023-08-14T17:54:22.951Z,2023-08-14T17:54:22.951Z
653627f86f430df4b33f1a1d,Daultabad,daultabad,Haryana,Gurugram,Active,2023-08-14T17:54:22.951Z,2023-08-14T17:54:22.951Z
653627f86f430df4b33f1a1e,DLF Phase I,dlf-phase-i,Haryana,Gurugram,Active,2023-08-14T17:54:22.951Z,2023-08-14T17:54:22.951Z
653627f86f430df4b33f1a1f,DLF Phase II,dlf-phase-ii,Haryana,Gurugram,Active,2023-08-14T17:54:22.951Z,2023-08-14T17:54:22.951Z
653627f86f430df4b33f1a20,DLF Phase III,dlf-phase-iii,Haryana,Gurugram,Active,2023-08-14T17:54:22.951Z,2023-08-14T17:54:22.951Z
653627f86f430df4b33f1a21,DLF Phase IV,dlf-phase-iv,Haryana,Gurugram,Active,2023-08-14T17:54:22.951Z,2023-08-14T17:54:22.951Z
653627f86f430df4b33f1a22,DLF Phase V,dlf-phase-v,Haryana,Gurugram,Active,2023-08-14T17:54:22.951Z,2023-08-14T17:54:22.951Z
653627f86f430df4b33f1a23,Farrukh Nagar,farrukh-nagar,Haryana,Gurugram,Active,2023-08-14T17:54:22.951Z,2023-08-14T17:54:22.951Z
653627f86f430df4b33f1a24,Fazilpur,fazilpur,Haryana,Gurugram,Active,2023-08-14T17:54:22.951Z,2023-08-14T17:54:22.951Z
653627f86f430df4b33f1a25,Feroz Gandhi Colony,feroz-gandhi-colony,Haryana,Gurugram,Active,2023-08-14T17:54:22.951Z,2023-08-14T17:54:22.951Z
653627f86f430df4b33f1a26,Gandhi Nagar,gandhi-nagar,Haryana,Gurugram,Active,2023-08-14T17:54:22.951Z,2023-08-14T17:54:22.951Z
653627f86f430df4b33f1a27,Garhi Harsaru,garhi-harsaru,Haryana,Gurugram,Active,2023-08-14T17:54:22.951Z,2023-08-14T17:54:22.951Z
653627f86f430df4b33f1a28,Ghatta Village,ghatta-village,Haryana,Gurugram,Active,2023-08-14T17:54:22.951Z,2023-08-14T17:54:22.951Z
653627f86f430df4b33f1a29,Greenwood City,greenwood-city,Haryana,Gurugram,Active,2023-08-14T17:54:22.951Z,2023-08-14T17:54:22.951Z
653627f86f430df4b33f1a2a,Gurgaon Village,gurgaon-village,Haryana,Gurugram,Active,2023-08-14T17:54:22.951Z,2023-08-14T17:54:22.951Z
653627f86f430df4b33f1a2b,Gwal Pahari,gwal-pahari,Haryana,Gurugram,Active,2023-08-14T17:54:22.951Z,2023-08-14T17:54:22.951Z
653627f86f430df4b33f1a2c,Hans Enclave,hans-enclave,Haryana,Gurugram,Active,2023-08-14T17:54:22.951Z,2023-08-14T17:54:22.951Z
653627f86f430df4b33f1a2d,Hari Nagar,hari-nagar,Haryana,Gurugram,Active,2023-08-14T17:54:22.951Z,2023-08-14T17:54:22.951Z
653627f86f430df4b33f1a2e,Heera Nagar,heera-nagar,Haryana,Gurugram,Active,2023-08-14T17:54:22.951Z,2023-08-14T17:54:22.951Z
653627f86f430df4b33f1a2f,Islampur,islampur,Haryana,Gurugram,Active,2023-08-14T17:54:22.951Z,2023-08-14T17:54:22.951Z
653627f86f430df4b33f1a30,Jacombpura,jacombpura,Haryana,Gurugram,Active,2023-08-14T17:54:22.951Z,2023-08-14T17:54:22.951Z
653627f86f430df4b33f1a31,Jharsa,jharsa,Haryana,Gurugram,Active,2023-08-14T17:54:22.951Z,2023-08-14T17:54:22.951Z
653627f86f430df4b33f1a32,Jyoti Park,jyoti-park,Haryana,Gurugram,Active,2023-08-14T17:54:22.951Z,2023-08-14T17:54:22.951Z
653627f86f430df4b33f1a33,Kadipur,kadipur,Haryana,Gurugram,Active,2023-08-14T17:54:22.951Z,2023-08-14T17:54:22.951Z
653627f86f430df4b33f1a34,Khandsa,khandsa,Haryana,Gurugram,Active,2023-08-14T17:54:22.951Z,2023-08-14T17:54:22.951Z
653627f86f430df4b33f1a35,Kherki Daula,kherki-daula,Haryana,Gurugram,Active,2023-08-14T17:54:22.951Z,2023-08-14T17:54:22.951Z
653627f86f430df4b33f1a36,Krishna Colony,krishna-colony,Haryana,Gurugram,Active,2023-08-14T17:54:22.951Z,2023-08-14T17:54:22.951Z
653627f86f430df4b33f1a37,Laxman Garden,laxman-garden,Haryana,Gurugram,Active,2023-08-14T17:54:22.951Z,2023-08-14T17:54:22.951Z
653627f86f430df4b33f1a38,Laxman Vihar,laxman-vihar,Haryana,Gurugram,Active,2023-08-14T17:54:22.951Z,2023-08-14T17:54:22.951Z
653627f86f430df4b33f1a39,Madan Puri,madan-puri,Haryana,Gurugram,Active,2023-08-14T17:54:22.951Z,2023-08-14T17:54:22.951Z
653627f86f430df4b33f1a3a,Mainwali Colony,mainwali-colony,Haryana,Gurugram,Active,2023-08-14T17:54:22.951Z,2023-08-14T17:54:22.951Z
653627f86f430df4b33f1a3b,Malibu Town,malibu-town,Haryana,Gurugram,Active,2023-08-14T17:54:22.951Z,2023-08-14T17:54:22.951Z
653627f86f430df4b33f1a3c,Manesar Sector M1,manesar-sector-m1,Haryana,Gurugram,Active,2023-08-14T17:54:22.951Z,2023-08-14T17:54:22.951Z
653627f86f430df4b33f1a3d,Manesar Sector M10,manesar-sector-m10,Haryana,Gurugram,Active,2023-08-14T17:54:22.951Z,2023-08-14T17:54:22.951Z
653627f86f430df4b33f1a3e,Manesar Sector M11,manesar-sector-m11,Haryana,Gurugram,Active,2023-08-14T17:54:22.951Z,2023-08-14T17:54:22.951Z
653627f86f430df4b33f1a3f,Manesar Sector M12,manesar-sector-m12,Haryana,Gurugram,Active,2023-08-14T17:54:22.951Z,2023-08-14T17:54:22.951Z
653627f86f430df4b33f1a40,Manesar Sector M13,manesar-sector-m13,Haryana,Gurugram,Active,2023-08-14T17:54:22.951Z,2023-08-14T17:54:22.951Z
653627f86f430df4b33f1a41,Manesar Sector M14,manesar-sector-m14,Haryana,Gurugram,Active,2023-08-14T17:54:22.951Z,2023-08-14T17:54:22.951Z
653627f86f430df4b33f1a42,Manesar Sector M15,manesar-sector-m15,Haryana,Gurugram,Active,2023-08-14T17:54:22.951Z,2023-08-14T17:54:22.951Z
653627f86f430df4b33f1a43,Manesar Sector M16,manesar-sector-m16,Haryana,Gurugram,Active,2023-08-14T17:54:22.951Z,2023-08-14T17:54:22.951Z
653627f86f430df4b33f1a44,Manesar Sector M1A,manesar-sector-m1a,Haryana,Gurugram,Active,2023-08-14T17:54:22.951Z,2023-08-14T17:54:22.951Z
653627f86f430df4b33f1a45,Manesar Sector M1B,manesar-sector-m1b,Haryana,Gurugram,Active,2023-08-14T17:54:22.951Z,2023-08-14T17:54:22.951Z
653627f86f430df4b33f1a46,Manesar Sector M1C,manesar-sector-m1c,Haryana,Gurugram,Active,2023-08-14T17:54:22.951Z,2023-08-14T17:54:22.951Z
653627f86f430df4b33f1a47,Manesar Sector M1D,manesar-sector-m1d,Haryana,Gurugram,Active,2023-08-14T17:54:22.951Z,2023-08-14T17:54:22.951Z
653627f86f430df4b33f1a48,Manesar Sector M2,manesar-sector-m2,Haryana,Gurugram,Active,2023-08-14T17:54:22.951Z,2023-08-14T17:54:22.951Z
653627f86f430df4b33f1a49,Manesar Sector M3,manesar-sector-m3,Haryana,Gurugram,Active,2023-08-14T17:54:22.951Z,2023-08-14T17:54:22.951Z
653627f86f430df4b33f1a4a,Manesar Sector M3A,manesar-sector-m3a,Haryana,Gurugram,Active,2023-08-14T17:54:22.951Z,2023-08-14T17:54:22.951Z
653627f86f430df4b33f1a4b,Manesar Sector M4,manesar-sector-m4,Haryana,Gurugram,Active,2023-08-14T17:54:22.951Z,2023-08-14T17:54:22.951Z
653627f86f430df4b33f1a4c,Manesar Sector M5,manesar-sector-m5,Haryana,Gurugram,Active,2023-08-14T17:54:22.951Z,2023-08-14T17:54:22.951Z
653627f86f430df4b33f1a4d,Manesar Sector M6,manesar-sector-m6,Haryana,Gurugram,Active,2023-08-14T17:54:22.951Z,2023-08-14T17:54:22.951Z
653627f86f430df4b33f1a4e,Manesar Sector M6A,manesar-sector-m6a,Haryana,Gurugram,Active,2023-08-14T17:54:22.951Z,2023-08-14T17:54:22.951Z
653627f86f430df4b33f1a4f,Manesar Sector M7,manesar-sector-m7,Haryana,Gurugram,Active,2023-08-14T17:54:22.951Z,2023-08-14T17:54:22.951Z
653627f86f430df4b33f1a50,Manesar Sector M8,manesar-sector-m8,Haryana,Gurugram,Active,2023-08-14T17:54:22.951Z,2023-08-14T17:54:22.951Z
653627f86f430df4b33f1a51,Manesar Sector M9,manesar-sector-m9,Haryana,Gurugram,Active,2023-08-14T17:54:22.951Z,2023-08-14T17:54:22.951Z
653627f86f430df4b33f1a52,Manesar Village,manesar-village,Haryana,Gurugram,Active,2023-08-14T17:54:22.951Z,2023-08-14T17:54:22.951Z
653627f86f430df4b33f1a53,Mankrola,mankrola,Haryana,Gurugram,Active,2023-08-14T17:54:22.951Z,2023-08-14T17:54:22.951Z
653627f86f430df4b33f1a54,Maruti Kunj,maruti-kunj,Haryana,Gurugram,Active,2023-08-14T17:54:22.951Z,2023-08-14T17:54:22.951Z
653627f86f430df4b33f1a55,May Field Gardens,may-field-gardens,Haryana,Gurugram,Active,2023-08-14T17:54:22.951Z,2023-08-14T17:54:22.951Z
653627f86f430df4b33f1a56,Model Town,model-town,Haryana,Gurugram,Active,2023-08-14T17:54:22.951Z,2023-08-14T17:54:22.951Z
653627f86f430df4b33f1a57,Mohyal Colony,mohyal-colony,Haryana,Gurugram,Active,2023-08-14T17:54:22.951Z,2023-08-14T17:54:22.951Z
653627f86f430df4b33f1a58,Nathupur,nathupur,Haryana,Gurugram,Active,2023-08-14T17:54:22.951Z,2023-08-14T17:54:22.951Z
653627f86f430df4b33f1a59,New Basti,new-basti,Haryana,Gurugram,Active,2023-08-14T17:54:22.951Z,2023-08-14T17:54:22.951Z
653627f86f430df4b33f1a5a,New Colony,new-colony,Haryana,Gurugram,Active,2023-08-14T17:54:22.951Z,2023-08-14T17:54:22.951Z
653627f86f430df4b33f1a5b,New Palam Vihar,new-palam-vihar,Haryana,Gurugram,Active,2023-08-14T17:54:22.951Z,2023-08-14T17:54:22.951Z
653627f86f430df4b33f1a5c,Pace City,pace-city,Haryana,Gurugram,Active,2023-08-14T17:54:22.951Z,2023-08-14T17:54:22.951Z
653627f86f430df4b33f1a5d,Palam Vihar,palam-vihar,Haryana,Gurugram,Active,2023-08-14T17:54:22.951Z,2023-08-14T17:54:22.951Z
653627f86f430df4b33f1a5e,Palam Vihar Extn,palam-vihar-extn,Haryana,Gurugram,Active,2023-08-14T17:54:22.951Z,2023-08-14T17:54:22.951Z
653627f86f430df4b33f1a5f,Pataudi Sector 1,pataudi-sector-1,Haryana,Gurugram,Active,2023-08-14T17:54:22.951Z,2023-08-14T17:54:22.951Z
653627f86f430df4b33f1a60,Pataudi Sector 2,pataudi-sector-2,Haryana,Gurugram,Active,2023-08-14T17:54:22.951Z,2023-08-14T17:54:22.951Z
653627f86f430df4b33f1a61,Pataudi Sector 3,pataudi-sector-3,Haryana,Gurugram,Active,2023-08-14T17:54:22.951Z,2023-08-14T17:54:22.951Z
653627f86f430df4b33f1a62,Pataudi Sector 4,pataudi-sector-4,Haryana,Gurugram,Active,2023-08-14T17:54:22.951Z,2023-08-14T17:54:22.951Z
653627f86f430df4b33f1a63,Pataudi Sector 5,pataudi-sector-5,Haryana,Gurugram,Active,2023-08-14T17:54:22.951Z,2023-08-14T17:54:22.951Z
653627f86f430df4b33f1a64,Pataudi Sector 6,pataudi-sector-6,Haryana,Gurugram,Active,2023-08-14T17:54:22.951Z,2023-08-14T17:54:22.951Z
653627f86f430df4b33f1a65,Patel Nagar,patel-nagar,Haryana,Gurugram,Active,2023-08-14T17:54:22.951Z,2023-08-14T17:54:22.951Z
653627f86f430df4b33f1a66,Rajendra Park,rajendra-park,Haryana,Gurugram,Active,2023-08-14T17:54:22.951Z,2023-08-14T17:54:22.951Z
653627f86f430df4b33f1a67,Rajiv Nagar,rajiv-nagar,Haryana,Gurugram,Active,2023-08-14T17:54:22.951Z,2023-08-14T17:54:22.951Z
653627f86f430df4b33f1a68,Ram Nagar,ram-nagar,Haryana,Gurugram,Active,2023-08-14T17:54:22.951Z,2023-08-14T17:54:22.951Z
653627f86f430df4b33f1a69,Ratan Vihar,ratan-vihar,Haryana,Gurugram,Active,2023-08-14T17:54:22.951Z,2023-08-14T17:54:22.951Z
653627f86f430df4b33f1a6a,Ravi Nagar,ravi-nagar,Haryana,Gurugram,Active,2023-08-14T17:54:22.951Z,2023-08-14T17:54:22.951Z
653627f86f430df4b33f1a6b,Rosewood City,rosewood-city,Haryana,Gurugram,Active,2023-08-14T17:54:22.951Z,2023-08-14T17:54:22.951Z
653627f86f430df4b33f1a6c,Sadar Bazaar,sadar-bazaar,Haryana,Gurugram,Active,2023-08-14T17:54:22.951Z,2023-08-14T17:54:22.951Z
653627f86f430df4b33f1a6d,Saraswati Kunj,saraswati-kunj,Haryana,Gurugram,Active,2023-08-14T17:54:22.951Z,2023-08-14T17:54:22.951Z
653627f86f430df4b33f1a6e,Saraswati Vihar,saraswati-vihar,Haryana,Gurugram,Active,2023-08-14T17:54:22.951Z,2023-08-14T17:54:22.951Z
653627f86f430df4b33f1a6f,Sarhaul,sarhaul,Haryana,Gurugram,Active,2023-08-14T17:54:22.951Z,2023-08-14T17:54:22.951Z
653627f86f430df4b33f1a70,Sector 1,sector-1,Haryana,Gurugram,Active,2023-08-14T17:54:22.951Z,2023-08-14T17:54:22.951Z
653627f86f430df4b33f1a71,Sector 10,sector-10,Haryana,Gurugram,Active,2023-08-14T17:54:22.951Z,2023-08-14T17:54:22.951Z
653627f86f430df4b33f1a72,Sector 100,sector-100,Haryana,Gurugram,Active,2023-08-14T17:54:22.951Z,2023-08-14T17:54:22.951Z
653627f86f430df4b33f1a73,Sector 101,sector-101,Haryana,Gurugram,Active,2023-08-14T17:54:22.951Z,2023-08-14T17:54:22.951Z
653627f86f430df4b33f1a74,Sector 102,sector-102,Haryana,Gurugram,Active,2023-08-14T17:54:22.951Z,2023-08-14T17:54:22.951Z
653627f86f430df4b33f1a75,Sector 102A,sector-102a,Haryana,Gurugram,Active,2023-08-14T17:54:22.951Z,2023-08-14T17:54:22.951Z
653627f86f430df4b33f1a76,Sector 103,sector-103,Haryana,Gurugram,Active,2023-08-14T17:54:22.951Z,2023-08-14T17:54:22.951Z
653627f86f430df4b33f1a77,Sector 104,sector-104,Haryana,Gurugram,Active,2023-08-14T17:54:22.951Z,2023-08-14T17:54:22.951Z
653627f86f430df4b33f1a78,Sector 105,sector-105,Haryana,Gurugram,Active,2023-08-14T17:54:22.951Z,2023-08-14T17:54:22.951Z
653627f86f430df4b33f1a79,Sector 106,sector-106,Haryana,Gurugram,Active,2023-08-14T17:54:22.951Z,2023-08-14T17:54:22.951Z
653627f86f430df4b33f1a7a,Sector 107,sector-107,Haryana,Gurugram,Active,2023-08-14T17:54:22.951Z,2023-08-14T17:54:22.951Z
653627f86f430df4b33f1a7b,Sector 108,sector-108,Haryana,Gurugram,Active,2023-08-14T17:54:22.951Z,2023-08-14T17:54:22.951Z
653627f86f430df4b33f1a7c,Sector 109,sector-109,Haryana,Gurugram,Active,2023-08-14T17:54:22.951Z,2023-08-14T17:54:22.951Z
653627f86f430df4b33f1a7d,Sector 10A,sector-10a,Haryana,Gurugram,Active,2023-08-14T17:54:22.951Z,2023-08-14T17:54:22.951Z
653627f86f430df4b33f1a7e,Sector 11,sector-11,Haryana,Gurugram,Active,2023-08-14T17:54:22.951Z,2023-08-14T17:54:22.951Z
653627f86f430df4b33f1a7f,Sector 110,sector-110,Haryana,Gurugram,Active,2023-08-14T17:54:22.951Z,2023-08-14T17:54:22.951Z
653627f86f430df4b33f1a80,Sector 110A,sector-110a,Haryana,Gurugram,Active,2023-08-14T17:54:22.951Z,2023-08-14T17:54:22.951Z
653627f86f430df4b33f1a81,Sector 111,sector-111,Haryana,Gurugram,Active,2023-08-14T17:54:22.951Z,2023-08-14T17:54:22.951Z
653627f86f430df4b33f1a82,Sector 112,sector-112,Haryana,Gurugram,Active,2023-08-14T17:54:22.951Z,2023-08-14T17:54:22.951Z
653627f86f430df4b33f1a83,Sector 113,sector-113,Haryana,Gurugram,Active,2023-08-14T17:54:22.951Z,2023-08-14T17:54:22.951Z
653627f86f430df4b33f1a84,Sector 114,sector-114,Haryana,Gurugram,Active,2023-08-14T17:54:22.951Z,2023-08-14T17:54:22.951Z
653627f86f430df4b33f1a85,Sector 115,sector-115,Haryana,Gurugram,Active,2023-08-14T17:54:22.951Z,2023-08-14T17:54:22.951Z
653627f86f430df4b33f1a86,Sector 11A,sector-11a,Haryana,Gurugram,Active,2023-08-14T17:54:22.951Z,2023-08-14T17:54:22.951Z
653627f86f430df4b33f1a87,Sector 12,sector-12,Haryana,Gurugram,Active,2023-08-14T17:54:22.951Z,2023-08-14T17:54:22.951Z
653627f86f430df4b33f1a88,Sector 12A,sector-12a,Haryana,Gurugram,Active,2023-08-14T17:54:22.951Z,2023-08-14T17:54:22.951Z
653627f86f430df4b33f1a89,Sector 13,sector-13,Haryana,Gurugram,Active,2023-08-14T17:54:22.951Z,2023-08-14T17:54:22.951Z
653627f86f430df4b33f1a8a,Sector 14,sector-14,Haryana,Gurugram,Active,2023-08-14T17:54:22.951Z,2023-08-14T17:54:22.951Z
653627f86f430df4b33f1a8b,Sector 15 Part I,sector-15-part-i,Haryana,Gurugram,Active,2023-08-14T17:54:22.951Z,2023-08-14T17:54:22.951Z
653627f86f430df4b33f1a8c,Sector 15 Part II,sector-15-part-ii,Haryana,Gurugram,Active,2023-08-14T17:54:22.951Z,2023-08-14T17:54:22.951Z
653627f86f430df4b33f1a8d,Sector 16,sector-16,Haryana,Gurugram,Active,2023-08-14T17:54:22.951Z,2023-08-14T17:54:22.951Z
653627f86f430df4b33f1a8e,Sector 17,sector-17,Haryana,Gurugram,Active,2023-08-14T17:54:22.951Z,2023-08-14T17:54:22.951Z
653627f86f430df4b33f1a8f,Sector 18,sector-18,Haryana,Gurugram,Active,2023-08-14T17:54:22.951Z,2023-08-14T17:54:22.951Z
653627f86f430df4b33f1a90,Sector 19,sector-19,Haryana,Gurugram,Active,2023-08-14T17:54:22.951Z,2023-08-14T17:54:22.951Z
653627f86f430df4b33f1a91,Sector 2,sector-2,Haryana,Gurugram,Active,2023-08-14T17:54:22.951Z,2023-08-14T17:54:22.951Z
653627f86f430df4b33f1a92,Sector 20,sector-20,Haryana,Gurugram,Active,2023-08-14T17:54:22.951Z,2023-08-14T17:54:22.951Z
653627f86f430df4b33f1a93,Sector 21,sector-21,Haryana,Gurugram,Active,2023-08-14T17:54:22.951Z,2023-08-14T17:54:22.951Z
653627f86f430df4b33f1a94,Sector 22,sector-22,Haryana,Gurugram,Active,2023-08-14T17:54:22.951Z,2023-08-14T17:54:22.951Z
653627f86f430df4b33f1a95,Sector 23,sector-23,Haryana,Gurugram,Active,2023-08-14T17:54:22.951Z,2023-08-14T17:54:22.951Z
653627f86f430df4b33f1a96,Sector 23A,sector-23a,Haryana,Gurugram,Active,2023-08-14T17:54:22.951Z,2023-08-14T17:54:22.951Z
653627f86f430df4b33f1a97,Sector 24,sector-24,Haryana,Gurugram,Active,2023-08-14T17:54:22.951Z,2023-08-14T17:54:22.951Z
653627f86f430df4b33f1a98,Sector 25,sector-25,Haryana,Gurugram,Active,2023-08-14T17:54:22.951Z,2023-08-14T17:54:22.951Z
653627f86f430df4b33f1a99,Sector 25A,sector-25a,Haryana,Gurugram,Active,2023-08-14T17:54:22.951Z,2023-08-14T17:54:22.951Z
653627f86f430df4b33f1a9a,Sector 26,sector-26,Haryana,Gurugram,Active,2023-08-14T17:54:22.951Z,2023-08-14T17:54:22.951Z
653627f86f430df4b33f1a9b,Sector 27,sector-27,Haryana,Gurugram,Active,2023-08-14T17:54:22.951Z,2023-08-14T17:54:22.951Z
653627f86f430df4b33f1a9c,Sector 28,sector-28,Haryana,Gurugram,Active,2023-08-14T17:54:22.951Z,2023-08-14T17:54:22.951Z
653627f86f430df4b33f1a9d,Sector 29,sector-29,Haryana,Gurugram,Active,2023-08-14T17:54:22.951Z,2023-08-14T17:54:22.951Z
653627f86f430df4b33f1a9e,Sector 3,sector-3,Haryana,Gurugram,Active,2023-08-14T17:54:22.951Z,2023-08-14T17:54:22.951Z
653627f86f430df4b33f1a9f,Sector 30,sector-30,Haryana,Gurugram,Active,2023-08-14T17:54:22.951Z,2023-08-14T17:54:22.951Z
653627f86f430df4b33f1aa0,Sector 31,sector-31,Haryana,Gurugram,Active,2023-08-14T17:54:22.951Z,2023-08-14T17:54:22.951Z
653627f86f430df4b33f1aa1,Sector 32,sector-32,Haryana,Gurugram,Active,2023-08-14T17:54:22.951Z,2023-08-14T17:54:22.951Z
653627f86f430df4b33f1aa2,Sector 33,sector-33,Haryana,Gurugram,Active,2023-08-14T17:54:22.951Z,2023-08-14T17:54:22.951Z
653627f86f430df4b33f1aa3,Sector 34,sector-34,Haryana,Gurugram,Active,2023-08-14T17:54:22.951Z,2023-08-14T17:54:22.951Z
653627f86f430df4b33f1aa4,Sector 35,sector-35,Haryana,Gurugram,Active,2023-08-14T17:54:22.951Z,2023-08-14T17:54:22.951Z
653627f86f430df4b33f1aa5,Sector 36,sector-36,Haryana,Gurugram,Active,2023-08-14T17:54:22.951Z,2023-08-14T17:54:22.951Z
653627f86f430df4b33f1aa6,Sector 37 Part I Industrial,sector-37-part-i-industrial,Haryana,Gurugram,Active,2023-08-14T17:54:22.951Z,2023-08-14T17:54:22.951Z
653627f86f430df4b33f1aa7,Sector 37 Part II Industrial,sector-37-part-ii-industrial,Haryana,Gurugram,Active,2023-08-14T17:54:22.951Z,2023-08-14T17:54:22.951Z
653627f86f430df4b33f1aa8,Sector 37C,sector-37c,Haryana,Gurugram,Active,2023-08-14T17:54:22.951Z,2023-08-14T17:54:22.951Z
653627f86f430df4b33f1aa9,Sector 37D,sector-37d,Haryana,Gurugram,Active,2023-08-14T17:54:22.951Z,2023-08-14T17:54:22.951Z
653627f86f430df4b33f1aaa,Sector 38,sector-38,Haryana,Gurugram,Active,2023-08-14T17:54:22.951Z,2023-08-14T17:54:22.951Z
653627f86f430df4b33f1aab,Sector 39,sector-39,Haryana,Gurugram,Active,2023-08-14T17:54:22.951Z,2023-08-14T17:54:22.951Z
653627f86f430df4b33f1aac,Sector 3A,sector-3a,Haryana,Gurugram,Active,2023-08-14T17:54:22.951Z,2023-08-14T17:54:22.951Z
653627f86f430df4b33f1aad,Sector 4,sector-4,Haryana,Gurugram,Active,2023-08-14T17:54:22.951Z,2023-08-14T17:54:22.951Z
653627f86f430df4b33f1aae,Sector 40,sector-40,Haryana,Gurugram,Active,2023-08-14T17:54:22.951Z,2023-08-14T17:54:22.951Z
653627f86f430df4b33f1aaf,Sector 41,sector-41,Haryana,Gurugram,Active,2023-08-14T17:54:22.951Z,2023-08-14T17:54:22.951Z
653627f86f430df4b33f1ab0,Sector 42,sector-42,Haryana,Gurugram,Active,2023-08-14T17:54:22.951Z,2023-08-14T17:54:22.951Z
653627f86f430df4b33f1ab1,Sector 43,sector-43,Haryana,Gurugram,Active,2023-08-14T17:54:22.951Z,2023-08-14T17:54:22.951Z
653627f86f430df4b33f1ab2,Sector 44,sector-44,Haryana,Gurugram,Active,2023-08-14T17:54:22.951Z,2023-08-14T17:54:22.951Z
653627f86f430df4b33f1ab3,Sector 45,sector-45,Haryana,Gurugram,Active,2023-08-14T17:54:22.951Z,2023-08-14T17:54:22.951Z
653627f86f430df4b33f1ab4,Sector 46,sector-46,Haryana,Gurugram,Active,2023-08-14T17:54:22.951Z,2023-08-14T17:54:22.951Z
653627f86f430df4b33f1ab5,Sector 47,sector-47,Haryana,Gurugram,Active,2023-08-14T17:54:22.951Z,2023-08-14T17:54:22.951Z
653627f86f430df4b33f1ab6,Sector 48,sector-48,Haryana,Gurugram,Active,2023-08-14T17:54:22.951Z,2023-08-14T17:54:22.951Z
653627f86f430df4b33f1ab7,Sector 49,sector-49,Haryana,Gurugram,Active,2023-08-14T17:54:22.951Z,2023-08-14T17:54:22.951Z
653627f86f430df4b33f1ab8,Sector 5,sector-5,Haryana,Gurugram,Active,2023-08-14T17:54:22.951Z,2023-08-14T17:54:22.951Z
653627f86f430df4b33f1ab9,Sector 50,sector-50,Haryana,Gurugram,Active,2023-08-14T17:54:22.951Z,2023-08-14T17:54:22.951Z
653627f86f430df4b33f1aba,Sector 51,sector-51,Haryana,Gurugram,Active,2023-08-14T17:54:22.951Z,2023-08-14T17:54:22.951Z
653627f86f430df4b33f1abb,Sector 52,sector-52,Haryana,Gurugram,Active,2023-08-14T17:54:22.951Z,2023-08-14T17:54:22.951Z
653627f86f430df4b33f1abc,Sector 52A,sector-52a,Haryana,Gurugram,Active,2023-08-14T17:54:22.951Z,2023-08-14T17:54:22.951Z
653627f86f430df4b33f1abd,Sector 53,sector-53,Haryana,Gurugram,Active,2023-08-14T17:54:22.951Z,2023-08-14T17:54:22.951Z
653627f86f430df4b33f1abe,Sector 54,sector-54,Haryana,Gurugram,Active,2023-08-14T17:54:22.951Z,2023-08-14T17:54:22.951Z
653627f86f430df4b33f1abf,Sector 55,sector-55,Haryana,Gurugram,Active,2023-08-14T17:54:22.951Z,2023-08-14T17:54:22.951Z
653627f86f430df4b33f1ac0,Sector 56,sector-56,Haryana,Gurugram,Active,2023-08-14T17:54:22.951Z,2023-08-14T17:54:22.951Z
653627f86f430df4b33f1ac1,Sector 57,sector-57,Haryana,Gurugram,Active,2023-08-14T17:54:22.951Z,2023-08-14T17:54:22.951Z
653627f86f430df4b33f1ac2,Sector 58,sector-58,Haryana,Gurugram,Active,2023-08-14T17:54:22.951Z,2023-08-14T17:54:22.951Z
653627f86f430df4b33f1ac3,Sector 59,sector-59,Haryana,Gurugram,Active,2023-08-14T17:54:22.951Z,2023-08-14T17:54:22.951Z
653627f86f430df4b33f1ac4,Sector 6,sector-6,Haryana,Gurugram,Active,2023-08-14T17:54:22.951Z,2023-08-14T17:54:22.951Z
653627f86f430df4b33f1ac5,Sector 60,sector-60,Haryana,Gurugram,Active,2023-08-14T17:54:22.951Z,2023-08-14T17:54:22.951Z
653627f86f430df4b33f1ac6,Sector 61,sector-61,Haryana,Gurugram,Active,2023-08-14T17:54:22.951Z,2023-08-14T17:54:22.951Z
653627f86f430df4b33f1ac7,Sector 62,sector-62,Haryana,Gurugram,Active,2023-08-14T17:54:22.951Z,2023-08-14T17:54:22.951Z
653627f86f430df4b33f1ac8,Sector 63,sector-63,Haryana,Gurugram,Active,2023-08-14T17:54:22.951Z,2023-08-14T17:54:22.951Z
653627f86f430df4b33f1ac9,Sector 63A,sector-63a,Haryana,Gurugram,Active,2023-08-14T17:54:22.951Z,2023-08-14T17:54:22.951Z
653627f86f430df4b33f1aca,Sector 64,sector-64,Haryana,Gurugram,Active,2023-08-14T17:54:22.951Z,2023-08-14T17:54:22.951Z
653627f86f430df4b33f1acb,Sector 65,sector-65,Haryana,Gurugram,Active,2023-08-14T17:54:22.951Z,2023-08-14T17:54:22.951Z
653627f86f430df4b33f1acc,Sector 66,sector-66,Haryana,Gurugram,Active,2023-08-14T17:54:22.951Z,2023-08-14T17:54:22.951Z
653627f86f430df4b33f1acd,Sector 67,sector-67,Haryana,Gurugram,Active,2023-08-14T17:54:22.951Z,2023-08-14T17:54:22.951Z
653627f86f430df4b33f1ace,Sector 67A,sector-67a,Haryana,Gurugram,Active,2023-08-14T17:54:22.951Z,2023-08-14T17:54:22.951Z
653627f86f430df4b33f1acf,Sector 68,sector-68,Haryana,Gurugram,Active,2023-08-14T17:54:22.951Z,2023-08-14T17:54:22.951Z
653627f86f430df4b33f1ad0,Sector 69,sector-69,Haryana,Gurugram,Active,2023-08-14T17:54:22.951Z,2023-08-14T17:54:22.951Z
653627f86f430df4b33f1ad1,Sector 7,sector-7,Haryana,Gurugram,Active,2023-08-14T17:54:22.951Z,2023-08-14T17:54:22.951Z
653627f86f430df4b33f1ad2,Sector 70,sector-70,Haryana,Gurugram,Active,2023-08-14T17:54:22.951Z,2023-08-14T17:54:22.951Z
653627f86f430df4b33f1ad3,Sector 70A,sector-70a,Haryana,Gurugram,Active,2023-08-14T17:54:22.951Z,2023-08-14T17:54:22.951Z
653627f86f430df4b33f1ad4,Sector 71,sector-71,Haryana,Gurugram,Active,2023-08-14T17:54:22.951Z,2023-08-14T17:54:22.951Z
653627f86f430df4b33f1ad5,Sector 72,sector-72,Haryana,Gurugram,Active,2023-08-14T17:54:22.951Z,2023-08-14T17:54:22.951Z
653627f86f430df4b33f1ad6,Sector 72A,sector-72a,Haryana,Gurugram,Active,2023-08-14T17:54:22.951Z,2023-08-14T17:54:22.951Z
653627f86f430df4b33f1ad7,Sector 73,sector-73,Haryana,Gurugram,Active,2023-08-14T17:54:22.951Z,2023-08-14T17:54:22.951Z
653627f86f430df4b33f1ad8,Sector 74,sector-74,Haryana,Gurugram,Active,2023-08-14T17:54:22.951Z,2023-08-14T17:54:22.951Z
653627f86f430df4b33f1ad9,Sector 74A,sector-74a,Haryana,Gurugram,Active,2023-08-14T17:54:22.951Z,2023-08-14T17:54:22.951Z
653627f86f430df4b33f1ada,Sector 75,sector-75,Haryana,Gurugram,Active,2023-08-14T17:54:22.951Z,2023-08-14T17:54:22.951Z
653627f86f430df4b33f1adb,Sector 75A,sector-75a,Haryana,Gurugram,Active,2023-08-14T17:54:22.951Z,2023-08-14T17:54:22.951Z
653627f86f430df4b33f1adc,Sector 76,sector-76,Haryana,Gurugram,Active,2023-08-14T17:54:22.951Z,2023-08-14T17:54:22.951Z
653627f86f430df4b33f1add,Sector 77,sector-77,Haryana,Gurugram,Active,2023-08-14T17:54:22.951Z,2023-08-14T17:54:22.951Z
653627f86f430df4b33f1ade,Sector 78,sector-78,Haryana,Gurugram,Active,2023-08-14T17:54:22.951Z,2023-08-14T17:54:22.951Z
653627f86f430df4b33f1adf,Sector 79,sector-79,Haryana,Gurugram,Active,2023-08-14T17:54:22.951Z,2023-08-14T17:54:22.951Z
653627f86f430df4b33f1ae0,Sector 8,sector-8,Haryana,Gurugram,Active,2023-08-14T17:54:22.951Z,2023-08-14T17:54:22.951Z
653627f86f430df4b33f1ae1,Sector 80,sector-80,Haryana,Gurugram,Active,2023-08-14T17:54:22.951Z,2023-08-14T17:54:22.951Z
653627f86f430df4b33f1ae2,Sector 81,sector-81,Haryana,Gurugram,Active,2023-08-14T17:54:22.951Z,2023-08-14T17:54:22.951Z
653627f86f430df4b33f1ae3,Sector 81A,sector-81a,Haryana,Gurugram,Active,2023-08-14T17:54:22.951Z,2023-08-14T17:54:22.951Z
653627f86f430df4b33f1ae4,Sector 82,sector-82,Haryana,Gurugram,Active,2023-08-14T17:54:22.951Z,2023-08-14T17:54:22.951Z
653627f86f430df4b33f1ae5,Sector 82A,sector-82a,Haryana,Gurugram,Active,2023-08-14T17:54:22.951Z,2023-08-14T17:54:22.951Z
653627f86f430df4b33f1ae6,Sector 83,sector-83,Haryana,Gurugram,Active,2023-08-14T17:54:22.951Z,2023-08-14T17:54:22.951Z
653627f86f430df4b33f1ae7,Sector 84,sector-84,Haryana,Gurugram,Active,2023-08-14T17:54:22.951Z,2023-08-14T17:54:22.951Z
653627f86f430df4b33f1ae8,Sector 85,sector-85,Haryana,Gurugram,Active,2023-08-14T17:54:22.951Z,2023-08-14T17:54:22.951Z
653627f86f430df4b33f1ae9,Sector 86,sector-86,Haryana,Gurugram,Active,2023-08-14T17:54:22.951Z,2023-08-14T17:54:22.951Z
653627f86f430df4b33f1aea,Sector 87,sector-87,Haryana,Gurugram,Active,2023-08-14T17:54:22.951Z,2023-08-14T17:54:22.951Z
653627f86f430df4b33f1aeb,Sector 88,sector-88,Haryana,Gurugram,Active,2023-08-14T17:54:22.951Z,2023-08-14T17:54:22.951Z
653627f86f430df4b33f1aec,Sector 88A,sector-88a,Haryana,Gurugram,Active,2023-08-14T17:54:22.951Z,2023-08-14T17:54:22.951Z
653627f86f430df4b33f1aed,Sector 88B,sector-88b,Haryana,Gurugram,Active,2023-08-14T17:54:22.951Z,2023-08-14T17:54:22.951Z
653627f86f430df4b33f1aee,Sector 89,sector-89,Haryana,Gurugram,Active,2023-08-14T17:54:22.951Z,2023-08-14T17:54:22.951Z
653627f86f430df4b33f1aef,Sector 89A,sector-89a,Haryana,Gurugram,Active,2023-08-14T17:54:22.951Z,2023-08-14T17:54:22.951Z
653627f86f430df4b33f1af0,Sector 89B,sector-89b,Haryana,Gurugram,Active,2023-08-14T17:54:22.951Z,2023-08-14T17:54:22.951Z
653627f86f430df4b33f1af1,Sector 9,sector-9,Haryana,Gurugram,Active,2023-08-14T17:54:22.951Z,2023-08-14T17:54:22.951Z
653627f86f430df4b33f1af2,Sector 90,sector-90,Haryana,Gurugram,Active,2023-08-14T17:54:22.951Z,2023-08-14T17:54:22.951Z
653627f86f430df4b33f1af3,Sector 91,sector-91,Haryana,Gurugram,Active,2023-08-14T17:54:22.951Z,2023-08-14T17:54:22.951Z
653627f86f430df4b33f1af4,Sector 92,sector-92,Haryana,Gurugram,Active,2023-08-14T17:54:22.951Z,2023-08-14T17:54:22.951Z
653627f86f430df4b33f1af5,Sector 93,sector-93,Haryana,Gurugram,Active,2023-08-14T17:54:22.951Z,2023-08-14T17:54:22.951Z
653627f86f430df4b33f1af6,Sector 94,sector-94,Haryana,Gurugram,Active,2023-08-14T17:54:22.951Z,2023-08-14T17:54:22.951Z
653627f86f430df4b33f1af7,Sector 95,sector-95,Haryana,Gurugram,Active,2023-08-14T17:54:22.951Z,2023-08-14T17:54:22.951Z
653627f86f430df4b33f1af8,Sector 95A,sector-95a,Haryana,Gurugram,Active,2023-08-14T17:54:22.951Z,2023-08-14T17:54:22.951Z
653627f86f430df4b33f1af9,Sector 95B,sector-95b,Haryana,Gurugram,Active,2023-08-14T17:54:22.951Z,2023-08-14T17:54:22.951Z
653627f86f430df4b33f1afa,Sector 96,sector-96,Haryana,Gurugram,Active,2023-08-14T17:54:22.951Z,2023-08-14T17:54:22.951Z
653627f86f430df4b33f1afb,Sector 97,sector-97,Haryana,Gurugram,Active,2023-08-14T17:54:22.951Z,2023-08-14T17:54:22.951Z
653627f86f430df4b33f1afc,Sector 98,sector-98,Haryana,Gurugram,Active,2023-08-14T17:54:22.951Z,2023-08-14T17:54:22.951Z
653627f86f430df4b33f1afd,Sector 99,sector-99,Haryana,Gurugram,Active,2023-08-14T17:54:22.951Z,2023-08-14T17:54:22.951Z
653627f86f430df4b33f1afe,Sector 99A,sector-99a,Haryana,Gurugram,Active,2023-08-14T17:54:22.951Z,2023-08-14T17:54:22.951Z
653627f86f430df4b33f1aff,Sector 9A,sector-9a,Haryana,Gurugram,Active,2023-08-14T17:54:22.951Z,2023-08-14T17:54:22.951Z
653627f86f430df4b33f1b00,Sector 9B,sector-9b,Haryana,Gurugram,Active,2023-08-14T17:54:22.951Z,2023-08-14T17:54:22.951Z
653627f86f430df4b33f1b01,Shankar Vihar,shankar-vihar,Haryana,Gurugram,Active,2023-08-14T17:54:22.951Z,2023-08-14T17:54:22.951Z
653627f86f430df4b33f1b02,Shivaji Nagar,shivaji-nagar,Haryana,Gurugram,Active,2023-08-14T17:54:22.951Z,2023-08-14T17:54:22.951Z
653627f86f430df4b33f1b03,Shivaji Park Colony,shivaji-park-colony,Haryana,Gurugram,Active,2023-08-14T17:54:22.951Z,2023-08-14T17:54:22.951Z
653627f86f430df4b33f1b04,Shivpuri,shivpuri,Haryana,Gurugram,Active,2023-08-14T17:54:22.951Z,2023-08-14T17:54:22.951Z
653627f86f430df4b33f1b05,Shivpuri Extn,shivpuri-extn,Haryana,Gurugram,Active,2023-08-14T17:54:22.951Z,2023-08-14T17:54:22.951Z
653627f86f430df4b33f1b06,Sikandarpur,sikandarpur,Haryana,Gurugram,Active,2023-08-14T17:54:22.951Z,2023-08-14T17:54:22.951Z
653627f86f430df4b33f1b07,South City I,south-city-i,Haryana,Gurugram,Active,2023-08-14T17:54:22.951Z,2023-08-14T17:54:22.951Z
653627f86f430df4b33f1b08,South City II,south-city-ii,Haryana,Gurugram,Active,2023-08-14T17:54:22.951Z,2023-08-14T17:54:22.951Z
653627f86f430df4b33f1b09,Subhash Nagar,subhash-nagar,Haryana,Gurugram,Active,2023-08-14T17:54:22.951Z,2023-08-14T17:54:22.951Z
653627f86f430df4b33f1b0a,Surya Vihar,surya-vihar,Haryana,Gurugram,Active,2023-08-14T17:54:22.951Z,2023-08-14T17:54:22.951Z
653627f86f430df4b33f1b0b,Sushant Lok I,sushant-lok-i,Haryana,Gurugram,Active,2023-08-14T17:54:22.951Z,2023-08-14T17:54:22.951Z
653627f86f430df4b33f1b0c,Sushant Lok II,sushant-lok-ii,Haryana,Gurugram,Active,2023-08-14T17:54:22.951Z,2023-08-14T17:54:22.951Z
653627f86f430df4b33f1b0d,Sushant Lok III,sushant-lok-iii,Haryana,Gurugram,Active,2023-08-14T17:54:22.951Z,2023-08-14T17:54:22.951Z
653627f86f430df4b33f1b0e,Udyog Vihar Phase I,udyog-vihar-phase-i,Haryana,Gurugram,Active,2023-08-14T17:54:22.951Z,2023-08-14T17:54:22.951Z
653627f86f430df4b33f1b0f,Udyog Vihar Phase II,udyog-vihar-phase-ii,Haryana,Gurugram,Active,2023-08-14T17:54:22.951Z,2023-08-14T17:54:22.951Z
653627f86f430df4b33f1b10,Udyog Vihar Phase III,udyog-vihar-phase-iii,Haryana,Gurugram,Active,2023-08-14T17:54:22.951Z,2023-08-14T17:54:22.951Z
653627f86f430df4b33f1b11,Udyog Vihar Phase IV,udyog-vihar-phase-iv,Haryana,Gurugram,Active,2023-08-14T17:54:22.951Z,2023-08-14T17:54:22.951Z
653627f86f430df4b33f1b12,Udyog Vihar Phase V,udyog-vihar-phase-v,Haryana,Gurugram,Active,2023-08-14T17:54:22.951Z,2023-08-14T17:54:22.951Z
653627f86f430df4b33f1b13,Udyog Vihar Phase VI,udyog-vihar-phase-vi,Haryana,Gurugram,Active,2023-08-14T17:54:22.951Z,2023-08-14T17:54:22.951Z
653627f86f430df4b33f1b14,Vishnu Garden,vishnu-garden,Haryana,Gurugram,Active,2023-08-14T17:54:22.951Z,2023-08-14T17:54:22.951Z
653627f86f430df4b33f1b15,Wazirabad,wazirabad,Haryana,Gurugram,Active,2023-08-14T17:54:22.951Z,2023-08-14T17:54:22.951Z
