_id,business_name,business_slug,business_category,business_categoryslug,business_phone,business_email,business_website,business_address,business_state,business_city,business_pin,business_latitude,business_longitude,business_social.facebook,business_social.instagram,business_timing.monday.start,business_timing.monday.end,business_timing.tuesday.start,business_timing.tuesday.end,business_timing.wednesday.start,business_timing.wednesday.end,business_timing.thrusday.start,business_timing.thrusday.end,business_timing.friday.start,business_timing.friday.end,business_description,business_faqs[0].q,business_faqs[1].q,business_faqs[2].q,business_faqs[0].a,business_faqs[1].a,business_faqs[2].a,business_images[0],business_images[1],business_images[2],business_images[3],business_images[4],page_title,page_content,status,created_by,updated_by,createdAt,updatedAt,__v
6527ca6c2bdae0b5f0792a2a,OSMSTAYS - Boys PG in Gurgaon | Girls PG in Sector 15 Gurugram | 1 RK Flat on Rent 3,osmstays-pg-sector-15-part-1-gurugram-near-radhakrishna-mandir,Car Rental,car-rental,7947125176,admin@osmstays.com,https://osmstays.com/,"92/12, Sector 15 Part 1",Haryana,Gurugram,122001,28.4542916,77.0371164,https://www.facebook.com/osmstays,https://www.instagram.com/osmstays/,10:00,21:00,10:00,21:00,10:00,21:00,10:00,21:00,10:00,21:00,<p>OSMSTAYS is India's largest PGs platform and offers Old age homes and flats in Gurgaon. OSMSTAYS helps college students looking for a PG seat by connecting them with the right colleges and providing full help and guidance. Our team of experts provides an unmatched level of service and ensures We deliver results. Our services are flexible and guarantee our clients the best possible decision regarding on-campus placements &amp; student life.</p>,What is the rent for 1 BHK flat and the deposit amount also?,What's the rent amount for 2Bhk in osmstay?,Do we ask for the security Deposits?,Please call on the given number.,Please call on the given number.,Please call on the given number.,https://digital.ihg.com/is/image/ihg/crowne-plaza-gurgaon-5584166537-3x2,https://digital.ihg.com/is/image/ihg/crowne-plaza-gurgaon-5584166294-3x2,https://digital.ihg.com/is/image/ihg/crowne-plaza-gurgaon-6366316305-3x2,https://digital.ihg.com/is/image/ihg/crowne-plaza-gurgaon-5584167008-3x2,https://digital.ihg.com/is/image/ihg/crowne-plaza-gurgaon-5584167075-3x2,Top Hotels,"<p>A commercial establishment offering lodging to travelers and sometimes to permanent residents, and often having restaurants, meeting rooms, stores, etc., that are available to the general public.</p>",Active,pankajsehoriya@gmail.com,pankajsehoriya@gmail.com,2023-10-11T14:22:49.636Z,2023-10-11T14:26:21.093Z,0
6527ca6c2bdae0b5f0792a2b,OSMSTAYS - Boys PG in Gurgaon | Girls PG in Sector 15 Gurugram | 1 RK Flat on Rent,osmstays-pg-sector-15-part-1-gurugram-near-radhakrishna-mandir,Car Rental,car-rental,7947125176,admin@osmstays.com,https://osmstays.com/,"92/12, Sector 15 Part 1",Haryana,Gurugram,122001,28.4542916,77.0371164,https://www.facebook.com/osmstays,https://www.instagram.com/osmstays/,10:00,21:00,10:00,21:00,10:00,21:00,10:00,21:00,10:00,21:00,<p>OSMSTAYS is India's largest PGs platform and offers Old age homes and flats in Gurgaon. OSMSTAYS helps college students looking for a PG seat by connecting them with the right colleges and providing full help and guidance. Our team of experts provides an unmatched level of service and ensures We deliver results. Our services are flexible and guarantee our clients the best possible decision regarding on-campus placements &amp; student life.</p>,What is the rent for 1 BHK flat and the deposit amount also?,What's the rent amount for 2Bhk in osmstay?,Do we ask for the security Deposits?,Please call on the given number.,Please call on the given number.,Please call on the given number.,,,,,,Top Hotels,"<p>A commercial establishment offering lodging to travelers and sometimes to permanent residents, and often having restaurants, meeting rooms, stores, etc., that are available to the general public.</p>",Active,pankajsehoriya@gmail.com,pankajsehoriya@gmail.com,2023-10-11T14:22:49.636Z,2023-10-11T14:26:21.093Z,0
6527ca6c2bdae0b5f0792a2c,OSMSTAYS - Boys PG in Gurgaon | Girls PG in Sector 15 Gurugram | 1 RK Flat on Rent,osmstays-pg-sector-15-part-1-gurugram-near-radhakrishna-mandir,AC On Rent,ac-on-rent,7947125176,admin@osmstays.com,https://osmstays.com/,"92/12, Sector 15 Part 1",Haryana,Gurugram,122001,28.4542916,77.0371164,https://www.facebook.com/osmstays,https://www.instagram.com/osmstays/,10:00,21:00,10:00,21:00,10:00,21:00,10:00,21:00,10:00,21:00,<p>OSMSTAYS is India's largest PGs platform and offers Old age homes and flats in Gurgaon. OSMSTAYS helps college students looking for a PG seat by connecting them with the right colleges and providing full help and guidance. Our team of experts provides an unmatched level of service and ensures We deliver results. Our services are flexible and guarantee our clients the best possible decision regarding on-campus placements &amp; student life.</p>,What is the rent for 1 BHK flat and the deposit amount also?,What's the rent amount for 2Bhk in osmstay?,Do we ask for the security Deposits?,Please call on the given number.,Please call on the given number.,Please call on the given number.,,,,,,Top Hotels,"<p>A commercial establishment offering lodging to travelers and sometimes to permanent residents, and often having restaurants, meeting rooms, stores, etc., that are available to the general public.</p>",Active,pankajsehoriya@gmail.com,pankajsehoriya@gmail.com,2023-10-11T14:22:49.636Z,2023-10-11T14:26:21.093Z,0
6527ca6c2bdae0b5f0792a2d,OSMSTAYS - Boys PG in Gurgaon | Girls PG in Sector 15 Gurugram | 1 RK Flat on Rent,osmstays-pg-sector-15-part-1-gurugram-near-radhakrishna-mandir,Furniture On Rent,furniture-on-rent,7947125176,admin@osmstays.com,https://osmstays.com/,"92/12, Sector 15 Part 1",Haryana,Gurugram,122001,28.4542916,77.0371164,https://www.facebook.com/osmstays,https://www.instagram.com/osmstays/,10:00,21:00,10:00,21:00,10:00,21:00,10:00,21:00,10:00,21:00,<p>OSMSTAYS is India's largest PGs platform and offers Old age homes and flats in Gurgaon. OSMSTAYS helps college students looking for a PG seat by connecting them with the right colleges and providing full help and guidance. Our team of experts provides an unmatched level of service and ensures We deliver results. Our services are flexible and guarantee our clients the best possible decision regarding on-campus placements &amp; student life.</p>,What is the rent for 1 BHK flat and the deposit amount also?,What's the rent amount for 2Bhk in osmstay?,Do we ask for the security Deposits?,Please call on the given number.,Please call on the given number.,Please call on the given number.,,,,,,Top Hotels,"<p>A commercial establishment offering lodging to travelers and sometimes to permanent residents, and often having restaurants, meeting rooms, stores, etc., that are available to the general public.</p>",Active,pankajsehoriya@gmail.com,pankajsehoriya@gmail.com,2023-10-11T14:22:49.636Z,2023-10-11T14:26:21.093Z,0
6527ca6c2bdae0b5f0792a2e,OSMSTAYS - Boys PG in Gurgaon | Girls PG in Sector 15 Gurugram | 1 RK Flat on Rent,osmstays-pg-sector-15-part-1-gurugram-near-radhakrishna-mandir,Refrigerator On Rent,refrigerator-on-rent,7947125176,admin@osmstays.com,https://osmstays.com/,"92/12, Sector 15 Part 1",Haryana,Gurugram,122001,28.4542916,77.0371164,https://www.facebook.com/osmstays,https://www.instagram.com/osmstays/,10:00,21:00,10:00,21:00,10:00,21:00,10:00,21:00,10:00,21:00,<p>OSMSTAYS is India's largest PGs platform and offers Old age homes and flats in Gurgaon. OSMSTAYS helps college students looking for a PG seat by connecting them with the right colleges and providing full help and guidance. Our team of experts provides an unmatched level of service and ensures We deliver results. Our services are flexible and guarantee our clients the best possible decision regarding on-campus placements &amp; student life.</p>,What is the rent for 1 BHK flat and the deposit amount also?,What's the rent amount for 2Bhk in osmstay?,Do we ask for the security Deposits?,Please call on the given number.,Please call on the given number.,Please call on the given number.,,,,,,Top Hotels,"<p>A commercial establishment offering lodging to travelers and sometimes to permanent residents, and often having restaurants, meeting rooms, stores, etc., that are available to the general public.</p>",Active,pankajsehoriya@gmail.com,pankajsehoriya@gmail.com,2023-10-11T14:22:49.636Z,2023-10-11T14:26:21.093Z,0
6527ca6c2bdae0b5f0792a2f,OSMSTAYS - Boys PG in Gurgaon | Girls PG in Sector 15 Gurugram | 1 RK Flat on Rent,osmstays-pg-sector-15-part-1-gurugram-near-radhakrishna-mandir,LED TV On Rent,led-tv-on-rent,7947125176,admin@osmstays.com,https://osmstays.com/,"92/12, Sector 15 Part 1",Haryana,Gurugram,122001,28.4542916,77.0371164,https://www.facebook.com/osmstays,https://www.instagram.com/osmstays/,10:00,21:00,10:00,21:00,10:00,21:00,10:00,21:00,10:00,21:00,<p>OSMSTAYS is India's largest PGs platform and offers Old age homes and flats in Gurgaon. OSMSTAYS helps college students looking for a PG seat by connecting them with the right colleges and providing full help and guidance. Our team of experts provides an unmatched level of service and ensures We deliver results. Our services are flexible and guarantee our clients the best possible decision regarding on-campus placements &amp; student life.</p>,What is the rent for 1 BHK flat and the deposit amount also?,What's the rent amount for 2Bhk in osmstay?,Do we ask for the security Deposits?,Please call on the given number.,Please call on the given number.,Please call on the given number.,,,,,,Top Hotels,"<p>A commercial establishment offering lodging to travelers and sometimes to permanent residents, and often having restaurants, meeting rooms, stores, etc., that are available to the general public.</p>",Active,pankajsehoriya@gmail.com,pankajsehoriya@gmail.com,2023-10-11T14:22:49.636Z,2023-10-11T14:26:21.093Z,0
6527ca6c2bdae0b5f0792a30,OSMSTAYS - Boys PG in Gurgaon | Girls PG in Sector 15 Gurugram | 1 RK Flat on Rent,osmstays-pg-sector-15-part-1-gurugram-near-radhakrishna-mandir,Plumber,plumber,7947125176,admin@osmstays.com,https://osmstays.com/,"92/12, Sector 15 Part 1",Haryana,Gurugram,122001,28.4542916,77.0371164,https://www.facebook.com/osmstays,https://www.instagram.com/osmstays/,10:00,21:00,10:00,21:00,10:00,21:00,10:00,21:00,10:00,21:00,<p>OSMSTAYS is India's largest PGs platform and offers Old age homes and flats in Gurgaon. OSMSTAYS helps college students looking for a PG seat by connecting them with the right colleges and providing full help and guidance. Our team of experts provides an unmatched level of service and ensures We deliver results. Our services are flexible and guarantee our clients the best possible decision regarding on-campus placements &amp; student life.</p>,What is the rent for 1 BHK flat and the deposit amount also?,What's the rent amount for 2Bhk in osmstay?,Do we ask for the security Deposits?,Please call on the given number.,Please call on the given number.,Please call on the given number.,,,,,,Top Hotels,"<p>A commercial establishment offering lodging to travelers and sometimes to permanent residents, and often having restaurants, meeting rooms, stores, etc., that are available to the general public.</p>",Active,pankajsehoriya@gmail.com,pankajsehoriya@gmail.com,2023-10-11T14:22:49.636Z,2023-10-11T14:26:21.093Z,0
6527ca6c2bdae0b5f0792a31,OSMSTAYS - Boys PG in Gurgaon | Girls PG in Sector 15 Gurugram | 1 RK Flat on Rent,osmstays-pg-sector-15-part-1-gurugram-near-radhakrishna-mandir,Electricians,electricians,7947125176,admin@osmstays.com,https://osmstays.com/,"92/12, Sector 15 Part 1",Haryana,Gurugram,122001,28.4542916,77.0371164,https://www.facebook.com/osmstays,https://www.instagram.com/osmstays/,10:00,21:00,10:00,21:00,10:00,21:00,10:00,21:00,10:00,21:00,<p>OSMSTAYS is India's largest PGs platform and offers Old age homes and flats in Gurgaon. OSMSTAYS helps college students looking for a PG seat by connecting them with the right colleges and providing full help and guidance. Our team of experts provides an unmatched level of service and ensures We deliver results. Our services are flexible and guarantee our clients the best possible decision regarding on-campus placements &amp; student life.</p>,What is the rent for 1 BHK flat and the deposit amount also?,What's the rent amount for 2Bhk in osmstay?,Do we ask for the security Deposits?,Please call on the given number.,Please call on the given number.,Please call on the given number.,,,,,,Top Hotels,"<p>A commercial establishment offering lodging to travelers and sometimes to permanent residents, and often having restaurants, meeting rooms, stores, etc., that are available to the general public.</p>",Active,pankajsehoriya@gmail.com,pankajsehoriya@gmail.com,2023-10-11T14:22:49.636Z,2023-10-11T14:26:21.093Z,0
6527ca6c2bdae0b5f0792a32,OSMSTAYS - Boys PG in Gurgaon | Girls PG in Sector 15 Gurugram | 1 RK Flat on Rent,osmstays-pg-sector-15-part-1-gurugram-near-radhakrishna-mandir,Carpenters,carpenters,7947125176,admin@osmstays.com,https://osmstays.com/,"92/12, Sector 15 Part 1",Haryana,Gurugram,122001,28.4542916,77.0371164,https://www.facebook.com/osmstays,https://www.instagram.com/osmstays/,10:00,21:00,10:00,21:00,10:00,21:00,10:00,21:00,10:00,21:00,<p>OSMSTAYS is India's largest PGs platform and offers Old age homes and flats in Gurgaon. OSMSTAYS helps college students looking for a PG seat by connecting them with the right colleges and providing full help and guidance. Our team of experts provides an unmatched level of service and ensures We deliver results. Our services are flexible and guarantee our clients the best possible decision regarding on-campus placements &amp; student life.</p>,What is the rent for 1 BHK flat and the deposit amount also?,What's the rent amount for 2Bhk in osmstay?,Do we ask for the security Deposits?,Please call on the given number.,Please call on the given number.,Please call on the given number.,,,,,,Top Hotels,"<p>A commercial establishment offering lodging to travelers and sometimes to permanent residents, and often having restaurants, meeting rooms, stores, etc., that are available to the general public.</p>",Active,pankajsehoriya@gmail.com,pankajsehoriya@gmail.com,2023-10-11T14:22:49.636Z,2023-10-11T14:26:21.093Z,0
6527ca6c2bdae0b5f0792a33,OSMSTAYS - Boys PG in Gurgaon | Girls PG in Sector 15 Gurugram | 1 RK Flat on Rent,osmstays-pg-sector-15-part-1-gurugram-near-radhakrishna-mandir,Pest Control,pest-control,7947125176,admin@osmstays.com,https://osmstays.com/,"92/12, Sector 15 Part 1",Haryana,Gurugram,122001,28.4542916,77.0371164,https://www.facebook.com/osmstays,https://www.instagram.com/osmstays/,10:00,21:00,10:00,21:00,10:00,21:00,10:00,21:00,10:00,21:00,<p>OSMSTAYS is India's largest PGs platform and offers Old age homes and flats in Gurgaon. OSMSTAYS helps college students looking for a PG seat by connecting them with the right colleges and providing full help and guidance. Our team of experts provides an unmatched level of service and ensures We deliver results. Our services are flexible and guarantee our clients the best possible decision regarding on-campus placements &amp; student life.</p>,What is the rent for 1 BHK flat and the deposit amount also?,What's the rent amount for 2Bhk in osmstay?,Do we ask for the security Deposits?,Please call on the given number.,Please call on the given number.,Please call on the given number.,,,,,,Top Hotels,"<p>A commercial establishment offering lodging to travelers and sometimes to permanent residents, and often having restaurants, meeting rooms, stores, etc., that are available to the general public.</p>",Active,pankajsehoriya@gmail.com,pankajsehoriya@gmail.com,2023-10-11T14:22:49.636Z,2023-10-11T14:26:21.093Z,0
6527ca6c2bdae0b5f0792a34,OSMSTAYS - Boys PG in Gurgaon | Girls PG in Sector 15 Gurugram | 1 RK Flat on Rent,osmstays-pg-sector-15-part-1-gurugram-near-radhakrishna-mandir,Laundry,laundry,7947125176,admin@osmstays.com,https://osmstays.com/,"92/12, Sector 15 Part 1",Haryana,Gurugram,122001,28.4542916,77.0371164,https://www.facebook.com/osmstays,https://www.instagram.com/osmstays/,10:00,21:00,10:00,21:00,10:00,21:00,10:00,21:00,10:00,21:00,<p>OSMSTAYS is India's largest PGs platform and offers Old age homes and flats in Gurgaon. OSMSTAYS helps college students looking for a PG seat by connecting them with the right colleges and providing full help and guidance. Our team of experts provides an unmatched level of service and ensures We deliver results. Our services are flexible and guarantee our clients the best possible decision regarding on-campus placements &amp; student life.</p>,What is the rent for 1 BHK flat and the deposit amount also?,What's the rent amount for 2Bhk in osmstay?,Do we ask for the security Deposits?,Please call on the given number.,Please call on the given number.,Please call on the given number.,,,,,,Top Hotels,"<p>A commercial establishment offering lodging to travelers and sometimes to permanent residents, and often having restaurants, meeting rooms, stores, etc., that are available to the general public.</p>",Active,pankajsehoriya@gmail.com,pankajsehoriya@gmail.com,2023-10-11T14:22:49.636Z,2023-10-11T14:26:21.093Z,0
6527ca6c2bdae0b5f0792a35,OSMSTAYS - Boys PG in Gurgaon | Girls PG in Sector 15 Gurugram | 1 RK Flat on Rent,osmstays-pg-sector-15-part-1-gurugram-near-radhakrishna-mandir,Beauty Parlour,beauty-parlour,7947125176,admin@osmstays.com,https://osmstays.com/,"92/12, Sector 15 Part 1",Haryana,Gurugram,122001,28.4542916,77.0371164,https://www.facebook.com/osmstays,https://www.instagram.com/osmstays/,10:00,21:00,10:00,21:00,10:00,21:00,10:00,21:00,10:00,21:00,<p>OSMSTAYS is India's largest PGs platform and offers Old age homes and flats in Gurgaon. OSMSTAYS helps college students looking for a PG seat by connecting them with the right colleges and providing full help and guidance. Our team of experts provides an unmatched level of service and ensures We deliver results. Our services are flexible and guarantee our clients the best possible decision regarding on-campus placements &amp; student life.</p>,What is the rent for 1 BHK flat and the deposit amount also?,What's the rent amount for 2Bhk in osmstay?,Do we ask for the security Deposits?,Please call on the given number.,Please call on the given number.,Please call on the given number.,,,,,,Top Hotels,"<p>A commercial establishment offering lodging to travelers and sometimes to permanent residents, and often having restaurants, meeting rooms, stores, etc., that are available to the general public.</p>",Active,pankajsehoriya@gmail.com,pankajsehoriya@gmail.com,2023-10-11T14:22:49.636Z,2023-10-11T14:26:21.093Z,0
6527ca6c2bdae0b5f0792a36,OSMSTAYS - Boys PG in Gurgaon | Girls PG in Sector 15 Gurugram | 1 RK Flat on Rent,osmstays-pg-sector-15-part-1-gurugram-near-radhakrishna-mandir,Salons,salons,7947125176,admin@osmstays.com,https://osmstays.com/,"92/12, Sector 15 Part 1",Haryana,Gurugram,122001,28.4542916,77.0371164,https://www.facebook.com/osmstays,https://www.instagram.com/osmstays/,10:00,21:00,10:00,21:00,10:00,21:00,10:00,21:00,10:00,21:00,<p>OSMSTAYS is India's largest PGs platform and offers Old age homes and flats in Gurgaon. OSMSTAYS helps college students looking for a PG seat by connecting them with the right colleges and providing full help and guidance. Our team of experts provides an unmatched level of service and ensures We deliver results. Our services are flexible and guarantee our clients the best possible decision regarding on-campus placements &amp; student life.</p>,What is the rent for 1 BHK flat and the deposit amount also?,What's the rent amount for 2Bhk in osmstay?,Do we ask for the security Deposits?,Please call on the given number.,Please call on the given number.,Please call on the given number.,,,,,,Top Hotels,"<p>A commercial establishment offering lodging to travelers and sometimes to permanent residents, and often having restaurants, meeting rooms, stores, etc., that are available to the general public.</p>",Active,pankajsehoriya@gmail.com,pankajsehoriya@gmail.com,2023-10-11T14:22:49.636Z,2023-10-11T14:26:21.093Z,0
6527ca6c2bdae0b5f0792a37,OSMSTAYS - Boys PG in Gurgaon | Girls PG in Sector 15 Gurugram | 1 RK Flat on Rent,osmstays-pg-sector-15-part-1-gurugram-near-radhakrishna-mandir,Doctors,doctors,7947125176,admin@osmstays.com,https://osmstays.com/,"92/12, Sector 15 Part 1",Haryana,Gurugram,122001,28.4542916,77.0371164,https://www.facebook.com/osmstays,https://www.instagram.com/osmstays/,10:00,21:00,10:00,21:00,10:00,21:00,10:00,21:00,10:00,21:00,<p>OSMSTAYS is India's largest PGs platform and offers Old age homes and flats in Gurgaon. OSMSTAYS helps college students looking for a PG seat by connecting them with the right colleges and providing full help and guidance. Our team of experts provides an unmatched level of service and ensures We deliver results. Our services are flexible and guarantee our clients the best possible decision regarding on-campus placements &amp; student life.</p>,What is the rent for 1 BHK flat and the deposit amount also?,What's the rent amount for 2Bhk in osmstay?,Do we ask for the security Deposits?,Please call on the given number.,Please call on the given number.,Please call on the given number.,,,,,,Top Hotels,"<p>A commercial establishment offering lodging to travelers and sometimes to permanent residents, and often having restaurants, meeting rooms, stores, etc., that are available to the general public.</p>",Active,pankajsehoriya@gmail.com,pankajsehoriya@gmail.com,2023-10-11T14:22:49.636Z,2023-10-11T14:26:21.093Z,0
6527ca6c2bdae0b5f0792a38,OSMSTAYS - Boys PG in Gurgaon | Girls PG in Sector 15 Gurugram | 1 RK Flat on Rent,osmstays-pg-sector-15-part-1-gurugram-near-radhakrishna-mandir,Hospitals,hospitals,7947125176,admin@osmstays.com,https://osmstays.com/,"92/12, Sector 15 Part 1",Haryana,Gurugram,122001,28.4542916,77.0371164,https://www.facebook.com/osmstays,https://www.instagram.com/osmstays/,10:00,21:00,10:00,21:00,10:00,21:00,10:00,21:00,10:00,21:00,<p>OSMSTAYS is India's largest PGs platform and offers Old age homes and flats in Gurgaon. OSMSTAYS helps college students looking for a PG seat by connecting them with the right colleges and providing full help and guidance. Our team of experts provides an unmatched level of service and ensures We deliver results. Our services are flexible and guarantee our clients the best possible decision regarding on-campus placements &amp; student life.</p>,What is the rent for 1 BHK flat and the deposit amount also?,What's the rent amount for 2Bhk in osmstay?,Do we ask for the security Deposits?,Please call on the given number.,Please call on the given number.,Please call on the given number.,,,,,,Top Hotels,"<p>A commercial establishment offering lodging to travelers and sometimes to permanent residents, and often having restaurants, meeting rooms, stores, etc., that are available to the general public.</p>",Active,pankajsehoriya@gmail.com,pankajsehoriya@gmail.com,2023-10-11T14:22:49.636Z,2023-10-11T14:26:21.093Z,0
6527ca6c2bdae0b5f0792a39,OSMSTAYS - Boys PG in Gurgaon | Girls PG in Sector 15 Gurugram | 1 RK Flat on Rent,osmstays-pg-sector-15-part-1-gurugram-near-radhakrishna-mandir,Chemists,chemists,7947125176,admin@osmstays.com,https://osmstays.com/,"92/12, Sector 15 Part 1",Haryana,Gurugram,122001,28.4542916,77.0371164,https://www.facebook.com/osmstays,https://www.instagram.com/osmstays/,10:00,21:00,10:00,21:00,10:00,21:00,10:00,21:00,10:00,21:00,<p>OSMSTAYS is India's largest PGs platform and offers Old age homes and flats in Gurgaon. OSMSTAYS helps college students looking for a PG seat by connecting them with the right colleges and providing full help and guidance. Our team of experts provides an unmatched level of service and ensures We deliver results. Our services are flexible and guarantee our clients the best possible decision regarding on-campus placements &amp; student life.</p>,What is the rent for 1 BHK flat and the deposit amount also?,What's the rent amount for 2Bhk in osmstay?,Do we ask for the security Deposits?,Please call on the given number.,Please call on the given number.,Please call on the given number.,,,,,,Top Hotels,"<p>A commercial establishment offering lodging to travelers and sometimes to permanent residents, and often having restaurants, meeting rooms, stores, etc., that are available to the general public.</p>",Active,pankajsehoriya@gmail.com,pankajsehoriya@gmail.com,2023-10-11T14:22:49.636Z,2023-10-11T14:26:21.093Z,0
6527ca6c2bdae0b5f0792a3a,OSMSTAYS - Boys PG in Gurgaon | Girls PG in Sector 15 Gurugram | 1 RK Flat on Rent,osmstays-pg-sector-15-part-1-gurugram-near-radhakrishna-mandir,Schools,schools,7947125176,admin@osmstays.com,https://osmstays.com/,"92/12, Sector 15 Part 1",Haryana,Gurugram,122001,28.4542916,77.0371164,https://www.facebook.com/osmstays,https://www.instagram.com/osmstays/,10:00,21:00,10:00,21:00,10:00,21:00,10:00,21:00,10:00,21:00,<p>OSMSTAYS is India's largest PGs platform and offers Old age homes and flats in Gurgaon. OSMSTAYS helps college students looking for a PG seat by connecting them with the right colleges and providing full help and guidance. Our team of experts provides an unmatched level of service and ensures We deliver results. Our services are flexible and guarantee our clients the best possible decision regarding on-campus placements &amp; student life.</p>,What is the rent for 1 BHK flat and the deposit amount also?,What's the rent amount for 2Bhk in osmstay?,Do we ask for the security Deposits?,Please call on the given number.,Please call on the given number.,Please call on the given number.,,,,,,Top Hotels,"<p>A commercial establishment offering lodging to travelers and sometimes to permanent residents, and often having restaurants, meeting rooms, stores, etc., that are available to the general public.</p>",Active,pankajsehoriya@gmail.com,pankajsehoriya@gmail.com,2023-10-11T14:22:49.636Z,2023-10-11T14:26:21.093Z,0
6527ca6c2bdae0b5f0792a3b,OSMSTAYS - Boys PG in Gurgaon | Girls PG in Sector 15 Gurugram | 1 RK Flat on Rent,osmstays-pg-sector-15-part-1-gurugram-near-radhakrishna-mandir,Colleges,colleges,7947125176,admin@osmstays.com,https://osmstays.com/,"92/12, Sector 15 Part 1",Haryana,Gurugram,122001,28.4542916,77.0371164,https://www.facebook.com/osmstays,https://www.instagram.com/osmstays/,10:00,21:00,10:00,21:00,10:00,21:00,10:00,21:00,10:00,21:00,<p>OSMSTAYS is India's largest PGs platform and offers Old age homes and flats in Gurgaon. OSMSTAYS helps college students looking for a PG seat by connecting them with the right colleges and providing full help and guidance. Our team of experts provides an unmatched level of service and ensures We deliver results. Our services are flexible and guarantee our clients the best possible decision regarding on-campus placements &amp; student life.</p>,What is the rent for 1 BHK flat and the deposit amount also?,What's the rent amount for 2Bhk in osmstay?,Do we ask for the security Deposits?,Please call on the given number.,Please call on the given number.,Please call on the given number.,,,,,,Top Hotels,"<p>A commercial establishment offering lodging to travelers and sometimes to permanent residents, and often having restaurants, meeting rooms, stores, etc., that are available to the general public.</p>",Active,pankajsehoriya@gmail.com,pankajsehoriya@gmail.com,2023-10-11T14:22:49.636Z,2023-10-11T14:26:21.093Z,0
6527ca6c2bdae0b5f0792a3c,OSMSTAYS - Boys PG in Gurgaon | Girls PG in Sector 15 Gurugram | 1 RK Flat on Rent,osmstays-pg-sector-15-part-1-gurugram-near-radhakrishna-mandir,Universities,universities,7947125176,admin@osmstays.com,https://osmstays.com/,"92/12, Sector 15 Part 1",Haryana,Gurugram,122001,28.4542916,77.0371164,https://www.facebook.com/osmstays,https://www.instagram.com/osmstays/,10:00,21:00,10:00,21:00,10:00,21:00,10:00,21:00,10:00,21:00,<p>OSMSTAYS is India's largest PGs platform and offers Old age homes and flats in Gurgaon. OSMSTAYS helps college students looking for a PG seat by connecting them with the right colleges and providing full help and guidance. Our team of experts provides an unmatched level of service and ensures We deliver results. Our services are flexible and guarantee our clients the best possible decision regarding on-campus placements &amp; student life.</p>,What is the rent for 1 BHK flat and the deposit amount also?,What's the rent amount for 2Bhk in osmstay?,Do we ask for the security Deposits?,Please call on the given number.,Please call on the given number.,Please call on the given number.,,,,,,Top Hotels,"<p>A commercial establishment offering lodging to travelers and sometimes to permanent residents, and often having restaurants, meeting rooms, stores, etc., that are available to the general public.</p>",Active,pankajsehoriya@gmail.com,pankajsehoriya@gmail.com,2023-10-11T14:22:49.636Z,2023-10-11T14:26:21.093Z,0
6527ca6c2bdae0b5f0792a3d,OSMSTAYS - Boys PG in Gurgaon | Girls PG in Sector 15 Gurugram | 1 RK Flat on Rent,osmstays-pg-sector-15-part-1-gurugram-near-radhakrishna-mandir,Cooks Agency,Cooks,7947125176,admin@osmstays.com,https://osmstays.com/,"92/12, Sector 15 Part 1",Haryana,Gurugram,122001,28.4542916,77.0371164,https://www.facebook.com/osmstays,https://www.instagram.com/osmstays/,10:00,21:00,10:00,21:00,10:00,21:00,10:00,21:00,10:00,21:00,<p>OSMSTAYS is India's largest PGs platform and offers Old age homes and flats in Gurgaon. OSMSTAYS helps college students looking for a PG seat by connecting them with the right colleges and providing full help and guidance. Our team of experts provides an unmatched level of service and ensures We deliver results. Our services are flexible and guarantee our clients the best possible decision regarding on-campus placements &amp; student life.</p>,What is the rent for 1 BHK flat and the deposit amount also?,What's the rent amount for 2Bhk in osmstay?,Do we ask for the security Deposits?,Please call on the given number.,Please call on the given number.,Please call on the given number.,,,,,,Top Hotels,"<p>A commercial establishment offering lodging to travelers and sometimes to permanent residents, and often having restaurants, meeting rooms, stores, etc., that are available to the general public.</p>",Active,pankajsehoriya@gmail.com,pankajsehoriya@gmail.com,2023-10-11T14:22:49.636Z,2023-10-11T14:26:21.093Z,0
6527ca6c2bdae0b5f0792a3e,OSMSTAYS - Boys PG in Gurgaon | Girls PG in Sector 15 Gurugram | 1 RK Flat on Rent,osmstays-pg-sector-15-part-1-gurugram-near-radhakrishna-mandir,Maids Agency,maids,7947125176,admin@osmstays.com,https://osmstays.com/,"92/12, Sector 15 Part 1",Haryana,Gurugram,122001,28.4542916,77.0371164,https://www.facebook.com/osmstays,https://www.instagram.com/osmstays/,10:00,21:00,10:00,21:00,10:00,21:00,10:00,21:00,10:00,21:00,<p>OSMSTAYS is India's largest PGs platform and offers Old age homes and flats in Gurgaon. OSMSTAYS helps college students looking for a PG seat by connecting them with the right colleges and providing full help and guidance. Our team of experts provides an unmatched level of service and ensures We deliver results. Our services are flexible and guarantee our clients the best possible decision regarding on-campus placements &amp; student life.</p>,What is the rent for 1 BHK flat and the deposit amount also?,What's the rent amount for 2Bhk in osmstay?,Do we ask for the security Deposits?,Please call on the given number.,Please call on the given number.,Please call on the given number.,,,,,,Top Hotels,"<p>A commercial establishment offering lodging to travelers and sometimes to permanent residents, and often having restaurants, meeting rooms, stores, etc., that are available to the general public.</p>",Active,pankajsehoriya@gmail.com,pankajsehoriya@gmail.com,2023-10-11T14:22:49.636Z,2023-10-11T14:26:21.093Z,0
6527ca6c2bdae0b5f0792a3f,OSMSTAYS - Boys PG in Gurgaon | Girls PG in Sector 15 Gurugram | 1 RK Flat on Rent,osmstays-pg-sector-15-part-1-gurugram-near-radhakrishna-mandir,Banks,banks,7947125176,admin@osmstays.com,https://osmstays.com/,"92/12, Sector 15 Part 1",Haryana,Gurugram,122001,28.4542916,77.0371164,https://www.facebook.com/osmstays,https://www.instagram.com/osmstays/,10:00,21:00,10:00,21:00,10:00,21:00,10:00,21:00,10:00,21:00,<p>OSMSTAYS is India's largest PGs platform and offers Old age homes and flats in Gurgaon. OSMSTAYS helps college students looking for a PG seat by connecting them with the right colleges and providing full help and guidance. Our team of experts provides an unmatched level of service and ensures We deliver results. Our services are flexible and guarantee our clients the best possible decision regarding on-campus placements &amp; student life.</p>,What is the rent for 1 BHK flat and the deposit amount also?,What's the rent amount for 2Bhk in osmstay?,Do we ask for the security Deposits?,Please call on the given number.,Please call on the given number.,Please call on the given number.,,,,,,Top Hotels,"<p>A commercial establishment offering lodging to travelers and sometimes to permanent residents, and often having restaurants, meeting rooms, stores, etc., that are available to the general public.</p>",Active,pankajsehoriya@gmail.com,pankajsehoriya@gmail.com,2023-10-11T14:22:49.636Z,2023-10-11T14:26:21.093Z,0
6527ca6c2bdae0b5f0792a40,OSMSTAYS - Boys PG in Gurgaon | Girls PG in Sector 15 Gurugram | 1 RK Flat on Rent,osmstays-pg-sector-15-part-1-gurugram-near-radhakrishna-mandir,Police Stations,police-stations,7947125176,admin@osmstays.com,https://osmstays.com/,"92/12, Sector 15 Part 1",Haryana,Gurugram,122001,28.4542916,77.0371164,https://www.facebook.com/osmstays,https://www.instagram.com/osmstays/,10:00,21:00,10:00,21:00,10:00,21:00,10:00,21:00,10:00,21:00,<p>OSMSTAYS is India's largest PGs platform and offers Old age homes and flats in Gurgaon. OSMSTAYS helps college students looking for a PG seat by connecting them with the right colleges and providing full help and guidance. Our team of experts provides an unmatched level of service and ensures We deliver results. Our services are flexible and guarantee our clients the best possible decision regarding on-campus placements &amp; student life.</p>,What is the rent for 1 BHK flat and the deposit amount also?,What's the rent amount for 2Bhk in osmstay?,Do we ask for the security Deposits?,Please call on the given number.,Please call on the given number.,Please call on the given number.,,,,,,Top Hotels,"<p>A commercial establishment offering lodging to travelers and sometimes to permanent residents, and often having restaurants, meeting rooms, stores, etc., that are available to the general public.</p>",Active,pankajsehoriya@gmail.com,pankajsehoriya@gmail.com,2023-10-11T14:22:49.636Z,2023-10-11T14:26:21.093Z,0
6527ca6c2bdae0b5f0792a41,OSMSTAYS - Boys PG in Gurgaon | Girls PG in Sector 15 Gurugram | 1 RK Flat on Rent,osmstays-pg-sector-15-part-1-gurugram-near-radhakrishna-mandir,Railway Station,railway-station,7947125176,admin@osmstays.com,https://osmstays.com/,"92/12, Sector 15 Part 1",Haryana,Gurugram,122001,28.4542916,77.0371164,https://www.facebook.com/osmstays,https://www.instagram.com/osmstays/,10:00,21:00,10:00,21:00,10:00,21:00,10:00,21:00,10:00,21:00,<p>OSMSTAYS is India's largest PGs platform and offers Old age homes and flats in Gurgaon. OSMSTAYS helps college students looking for a PG seat by connecting them with the right colleges and providing full help and guidance. Our team of experts provides an unmatched level of service and ensures We deliver results. Our services are flexible and guarantee our clients the best possible decision regarding on-campus placements &amp; student life.</p>,What is the rent for 1 BHK flat and the deposit amount also?,What's the rent amount for 2Bhk in osmstay?,Do we ask for the security Deposits?,Please call on the given number.,Please call on the given number.,Please call on the given number.,,,,,,Top Hotels,"<p>A commercial establishment offering lodging to travelers and sometimes to permanent residents, and often having restaurants, meeting rooms, stores, etc., that are available to the general public.</p>",Active,pankajsehoriya@gmail.com,pankajsehoriya@gmail.com,2023-10-11T14:22:49.636Z,2023-10-11T14:26:21.093Z,0
6527ca6c2bdae0b5f0792a42,OSMSTAYS - Boys PG in Gurgaon | Girls PG in Sector 15 Gurugram | 1 RK Flat on Rent,osmstays-pg-sector-15-part-1-gurugram-near-radhakrishna-mandir,Bus Stop,bus-stop,7947125176,admin@osmstays.com,https://osmstays.com/,"92/12, Sector 15 Part 1",Haryana,Gurugram,122001,28.4542916,77.0371164,https://www.facebook.com/osmstays,https://www.instagram.com/osmstays/,10:00,21:00,10:00,21:00,10:00,21:00,10:00,21:00,10:00,21:00,<p>OSMSTAYS is India's largest PGs platform and offers Old age homes and flats in Gurgaon. OSMSTAYS helps college students looking for a PG seat by connecting them with the right colleges and providing full help and guidance. Our team of experts provides an unmatched level of service and ensures We deliver results. Our services are flexible and guarantee our clients the best possible decision regarding on-campus placements &amp; student life.</p>,What is the rent for 1 BHK flat and the deposit amount also?,What's the rent amount for 2Bhk in osmstay?,Do we ask for the security Deposits?,Please call on the given number.,Please call on the given number.,Please call on the given number.,,,,,,Top Hotels,"<p>A commercial establishment offering lodging to travelers and sometimes to permanent residents, and often having restaurants, meeting rooms, stores, etc., that are available to the general public.</p>",Active,pankajsehoriya@gmail.com,pankajsehoriya@gmail.com,2023-10-11T14:22:49.636Z,2023-10-11T14:26:21.093Z,0
6527ca6c2bdae0b5f0792a43,OSMSTAYS - Boys PG in Gurgaon | Girls PG in Sector 15 Gurugram | 1 RK Flat on Rent,osmstays-pg-sector-15-part-1-gurugram-near-radhakrishna-mandir,Post Office,post-office,7947125176,admin@osmstays.com,https://osmstays.com/,"92/12, Sector 15 Part 1",Haryana,Gurugram,122001,28.4542916,77.0371164,https://www.facebook.com/osmstays,https://www.instagram.com/osmstays/,10:00,21:00,10:00,21:00,10:00,21:00,10:00,21:00,10:00,21:00,<p>OSMSTAYS is India's largest PGs platform and offers Old age homes and flats in Gurgaon. OSMSTAYS helps college students looking for a PG seat by connecting them with the right colleges and providing full help and guidance. Our team of experts provides an unmatched level of service and ensures We deliver results. Our services are flexible and guarantee our clients the best possible decision regarding on-campus placements &amp; student life.</p>,What is the rent for 1 BHK flat and the deposit amount also?,What's the rent amount for 2Bhk in osmstay?,Do we ask for the security Deposits?,Please call on the given number.,Please call on the given number.,Please call on the given number.,,,,,,Top Hotels,"<p>A commercial establishment offering lodging to travelers and sometimes to permanent residents, and often having restaurants, meeting rooms, stores, etc., that are available to the general public.</p>",Active,pankajsehoriya@gmail.com,pankajsehoriya@gmail.com,2023-10-11T14:22:49.636Z,2023-10-11T14:26:21.093Z,0
6527ca6c2bdae0b5f0792a44,OSMSTAYS - Boys PG in Gurgaon | Girls PG in Sector 15 Gurugram | 1 RK Flat on Rent,osmstays-pg-sector-15-part-1-gurugram-near-radhakrishna-mandir,Banquet Halls,banquet-halls,7947125176,admin@osmstays.com,https://osmstays.com/,"92/12, Sector 15 Part 1",Haryana,Gurugram,122001,28.4542916,77.0371164,https://www.facebook.com/osmstays,https://www.instagram.com/osmstays/,10:00,21:00,10:00,21:00,10:00,21:00,10:00,21:00,10:00,21:00,<p>OSMSTAYS is India's largest PGs platform and offers Old age homes and flats in Gurgaon. OSMSTAYS helps college students looking for a PG seat by connecting them with the right colleges and providing full help and guidance. Our team of experts provides an unmatched level of service and ensures We deliver results. Our services are flexible and guarantee our clients the best possible decision regarding on-campus placements &amp; student life.</p>,What is the rent for 1 BHK flat and the deposit amount also?,What's the rent amount for 2Bhk in osmstay?,Do we ask for the security Deposits?,Please call on the given number.,Please call on the given number.,Please call on the given number.,,,,,,Top Hotels,"<p>A commercial establishment offering lodging to travelers and sometimes to permanent residents, and often having restaurants, meeting rooms, stores, etc., that are available to the general public.</p>",Active,pankajsehoriya@gmail.com,pankajsehoriya@gmail.com,2023-10-11T14:22:49.636Z,2023-10-11T14:26:21.093Z,0
6527ca6c2bdae0b5f0792a45,OSMSTAYS - Boys PG in Gurgaon | Girls PG in Sector 15 Gurugram | 1 RK Flat on Rent,osmstays-pg-sector-15-part-1-gurugram-near-radhakrishna-mandir,Photographers,photographers,7947125176,admin@osmstays.com,https://osmstays.com/,"92/12, Sector 15 Part 1",Haryana,Gurugram,122001,28.4542916,77.0371164,https://www.facebook.com/osmstays,https://www.instagram.com/osmstays/,10:00,21:00,10:00,21:00,10:00,21:00,10:00,21:00,10:00,21:00,<p>OSMSTAYS is India's largest PGs platform and offers Old age homes and flats in Gurgaon. OSMSTAYS helps college students looking for a PG seat by connecting them with the right colleges and providing full help and guidance. Our team of experts provides an unmatched level of service and ensures We deliver results. Our services are flexible and guarantee our clients the best possible decision regarding on-campus placements &amp; student life.</p>,What is the rent for 1 BHK flat and the deposit amount also?,What's the rent amount for 2Bhk in osmstay?,Do we ask for the security Deposits?,Please call on the given number.,Please call on the given number.,Please call on the given number.,,,,,,Top Hotels,"<p>A commercial establishment offering lodging to travelers and sometimes to permanent residents, and often having restaurants, meeting rooms, stores, etc., that are available to the general public.</p>",Active,pankajsehoriya@gmail.com,pankajsehoriya@gmail.com,2023-10-11T14:22:49.636Z,2023-10-11T14:26:21.093Z,0
6527ca6c2bdae0b5f0792a46,OSMSTAYS - Boys PG in Gurgaon | Girls PG in Sector 15 Gurugram | 1 RK Flat on Rent,osmstays-pg-sector-15-part-1-gurugram-near-radhakrishna-mandir,DJ Sound,dj-sound,7947125176,admin@osmstays.com,https://osmstays.com/,"92/12, Sector 15 Part 1",Haryana,Gurugram,122001,28.4542916,77.0371164,https://www.facebook.com/osmstays,https://www.instagram.com/osmstays/,10:00,21:00,10:00,21:00,10:00,21:00,10:00,21:00,10:00,21:00,<p>OSMSTAYS is India's largest PGs platform and offers Old age homes and flats in Gurgaon. OSMSTAYS helps college students looking for a PG seat by connecting them with the right colleges and providing full help and guidance. Our team of experts provides an unmatched level of service and ensures We deliver results. Our services are flexible and guarantee our clients the best possible decision regarding on-campus placements &amp; student life.</p>,What is the rent for 1 BHK flat and the deposit amount also?,What's the rent amount for 2Bhk in osmstay?,Do we ask for the security Deposits?,Please call on the given number.,Please call on the given number.,Please call on the given number.,,,,,,Top Hotels,"<p>A commercial establishment offering lodging to travelers and sometimes to permanent residents, and often having restaurants, meeting rooms, stores, etc., that are available to the general public.</p>",Active,pankajsehoriya@gmail.com,pankajsehoriya@gmail.com,2023-10-11T14:22:49.636Z,2023-10-11T14:26:21.093Z,0
6527ca6c2bdae0b5f0792a47,OSMSTAYS - Boys PG in Gurgaon | Girls PG in Sector 15 Gurugram | 1 RK Flat on Rent,osmstays-pg-sector-15-part-1-gurugram-near-radhakrishna-mandir,Dance Coaching Classes,dance-coaching-classes,7947125176,admin@osmstays.com,https://osmstays.com/,"92/12, Sector 15 Part 1",Haryana,Gurugram,122001,28.4542916,77.0371164,https://www.facebook.com/osmstays,https://www.instagram.com/osmstays/,10:00,21:00,10:00,21:00,10:00,21:00,10:00,21:00,10:00,21:00,<p>OSMSTAYS is India's largest PGs platform and offers Old age homes and flats in Gurgaon. OSMSTAYS helps college students looking for a PG seat by connecting them with the right colleges and providing full help and guidance. Our team of experts provides an unmatched level of service and ensures We deliver results. Our services are flexible and guarantee our clients the best possible decision regarding on-campus placements &amp; student life.</p>,What is the rent for 1 BHK flat and the deposit amount also?,What's the rent amount for 2Bhk in osmstay?,Do we ask for the security Deposits?,Please call on the given number.,Please call on the given number.,Please call on the given number.,,,,,,Top Hotels,"<p>A commercial establishment offering lodging to travelers and sometimes to permanent residents, and often having restaurants, meeting rooms, stores, etc., that are available to the general public.</p>",Active,pankajsehoriya@gmail.com,pankajsehoriya@gmail.com,2023-10-11T14:22:49.636Z,2023-10-11T14:26:21.093Z,0
6527ca6c2bdae0b5f0792a48,OSMSTAYS - Boys PG in Gurgaon | Girls PG in Sector 15 Gurugram | 1 RK Flat on Rent,osmstays-pg-sector-15-part-1-gurugram-near-radhakrishna-mandir,Music Coaching Classes,music-coaching-classes,7947125176,admin@osmstays.com,https://osmstays.com/,"92/12, Sector 15 Part 1",Haryana,Gurugram,122001,28.4542916,77.0371164,https://www.facebook.com/osmstays,https://www.instagram.com/osmstays/,10:00,21:00,10:00,21:00,10:00,21:00,10:00,21:00,10:00,21:00,<p>OSMSTAYS is India's largest PGs platform and offers Old age homes and flats in Gurgaon. OSMSTAYS helps college students looking for a PG seat by connecting them with the right colleges and providing full help and guidance. Our team of experts provides an unmatched level of service and ensures We deliver results. Our services are flexible and guarantee our clients the best possible decision regarding on-campus placements &amp; student life.</p>,What is the rent for 1 BHK flat and the deposit amount also?,What's the rent amount for 2Bhk in osmstay?,Do we ask for the security Deposits?,Please call on the given number.,Please call on the given number.,Please call on the given number.,,,,,,Top Hotels,"<p>A commercial establishment offering lodging to travelers and sometimes to permanent residents, and often having restaurants, meeting rooms, stores, etc., that are available to the general public.</p>",Active,pankajsehoriya@gmail.com,pankajsehoriya@gmail.com,2023-10-11T14:22:49.636Z,2023-10-11T14:26:21.093Z,0
6527ca6c2bdae0b5f0792a49,OSMSTAYS - Boys PG in Gurgaon | Girls PG in Sector 15 Gurugram | 1 RK Flat on Rent,osmstays-pg-sector-15-part-1-gurugram-near-radhakrishna-mandir,Yoga Coaching Classes,yoga-coaching-classes,7947125176,admin@osmstays.com,https://osmstays.com/,"92/12, Sector 15 Part 1",Haryana,Gurugram,122001,28.4542916,77.0371164,https://www.facebook.com/osmstays,https://www.instagram.com/osmstays/,10:00,21:00,10:00,21:00,10:00,21:00,10:00,21:00,10:00,21:00,<p>OSMSTAYS is India's largest PGs platform and offers Old age homes and flats in Gurgaon. OSMSTAYS helps college students looking for a PG seat by connecting them with the right colleges and providing full help and guidance. Our team of experts provides an unmatched level of service and ensures We deliver results. Our services are flexible and guarantee our clients the best possible decision regarding on-campus placements &amp; student life.</p>,What is the rent for 1 BHK flat and the deposit amount also?,What's the rent amount for 2Bhk in osmstay?,Do we ask for the security Deposits?,Please call on the given number.,Please call on the given number.,Please call on the given number.,,,,,,Top Hotels,"<p>A commercial establishment offering lodging to travelers and sometimes to permanent residents, and often having restaurants, meeting rooms, stores, etc., that are available to the general public.</p>",Active,pankajsehoriya@gmail.com,pankajsehoriya@gmail.com,2023-10-11T14:22:49.636Z,2023-10-11T14:26:21.093Z,0
6527ca6c2bdae0b5f0792a4a,OSMSTAYS - Boys PG in Gurgaon | Girls PG in Sector 15 Gurugram | 1 RK Flat on Rent,osmstays-pg-sector-15-part-1-gurugram-near-radhakrishna-mandir,Tennis Coaching Classes,tennis-coaching-classes,7947125176,admin@osmstays.com,https://osmstays.com/,"92/12, Sector 15 Part 1",Haryana,Gurugram,122001,28.4542916,77.0371164,https://www.facebook.com/osmstays,https://www.instagram.com/osmstays/,10:00,21:00,10:00,21:00,10:00,21:00,10:00,21:00,10:00,21:00,<p>OSMSTAYS is India's largest PGs platform and offers Old age homes and flats in Gurgaon. OSMSTAYS helps college students looking for a PG seat by connecting them with the right colleges and providing full help and guidance. Our team of experts provides an unmatched level of service and ensures We deliver results. Our services are flexible and guarantee our clients the best possible decision regarding on-campus placements &amp; student life.</p>,What is the rent for 1 BHK flat and the deposit amount also?,What's the rent amount for 2Bhk in osmstay?,Do we ask for the security Deposits?,Please call on the given number.,Please call on the given number.,Please call on the given number.,,,,,,Top Hotels,"<p>A commercial establishment offering lodging to travelers and sometimes to permanent residents, and often having restaurants, meeting rooms, stores, etc., that are available to the general public.</p>",Active,pankajsehoriya@gmail.com,pankajsehoriya@gmail.com,2023-10-11T14:22:49.636Z,2023-10-11T14:26:21.093Z,0
6527ca6c2bdae0b5f0792a4b,OSMSTAYS - Boys PG in Gurgaon | Girls PG in Sector 15 Gurugram | 1 RK Flat on Rent,osmstays-pg-sector-15-part-1-gurugram-near-radhakrishna-mandir,Cricket Coaching Classes,cricket-coaching-classes,7947125176,admin@osmstays.com,https://osmstays.com/,"92/12, Sector 15 Part 1",Haryana,Gurugram,122001,28.4542916,77.0371164,https://www.facebook.com/osmstays,https://www.instagram.com/osmstays/,10:00,21:00,10:00,21:00,10:00,21:00,10:00,21:00,10:00,21:00,<p>OSMSTAYS is India's largest PGs platform and offers Old age homes and flats in Gurgaon. OSMSTAYS helps college students looking for a PG seat by connecting them with the right colleges and providing full help and guidance. Our team of experts provides an unmatched level of service and ensures We deliver results. Our services are flexible and guarantee our clients the best possible decision regarding on-campus placements &amp; student life.</p>,What is the rent for 1 BHK flat and the deposit amount also?,What's the rent amount for 2Bhk in osmstay?,Do we ask for the security Deposits?,Please call on the given number.,Please call on the given number.,Please call on the given number.,,,,,,Top Hotels,"<p>A commercial establishment offering lodging to travelers and sometimes to permanent residents, and often having restaurants, meeting rooms, stores, etc., that are available to the general public.</p>",Active,pankajsehoriya@gmail.com,pankajsehoriya@gmail.com,2023-10-11T14:22:49.636Z,2023-10-11T14:26:21.093Z,0
6527ca6c2bdae0b5f0792a4c,OSMSTAYS - Boys PG in Gurgaon | Girls PG in Sector 15 Gurugram | 1 RK Flat on Rent,osmstays-pg-sector-15-part-1-gurugram-near-radhakrishna-mandir,Swimming Coaching Classes,swimming-coaching-classes,7947125176,admin@osmstays.com,https://osmstays.com/,"92/12, Sector 15 Part 1",Haryana,Gurugram,122001,28.4542916,77.0371164,https://www.facebook.com/osmstays,https://www.instagram.com/osmstays/,10:00,21:00,10:00,21:00,10:00,21:00,10:00,21:00,10:00,21:00,<p>OSMSTAYS is India's largest PGs platform and offers Old age homes and flats in Gurgaon. OSMSTAYS helps college students looking for a PG seat by connecting them with the right colleges and providing full help and guidance. Our team of experts provides an unmatched level of service and ensures We deliver results. Our services are flexible and guarantee our clients the best possible decision regarding on-campus placements &amp; student life.</p>,What is the rent for 1 BHK flat and the deposit amount also?,What's the rent amount for 2Bhk in osmstay?,Do we ask for the security Deposits?,Please call on the given number.,Please call on the given number.,Please call on the given number.,,,,,,Top Hotels,"<p>A commercial establishment offering lodging to travelers and sometimes to permanent residents, and often having restaurants, meeting rooms, stores, etc., that are available to the general public.</p>",Active,pankajsehoriya@gmail.com,pankajsehoriya@gmail.com,2023-10-11T14:22:49.636Z,2023-10-11T14:26:21.093Z,0
6527ca6c2bdae0b5f0792a4d,OSMSTAYS - Boys PG in Gurgaon | Girls PG in Sector 15 Gurugram | 1 RK Flat on Rent,osmstays-pg-sector-15-part-1-gurugram-near-radhakrishna-mandir,Badminton Coaching Classes,badminton-coaching-classes,7947125176,admin@osmstays.com,https://osmstays.com/,"92/12, Sector 15 Part 1",Haryana,Gurugram,122001,28.4542916,77.0371164,https://www.facebook.com/osmstays,https://www.instagram.com/osmstays/,10:00,21:00,10:00,21:00,10:00,21:00,10:00,21:00,10:00,21:00,<p>OSMSTAYS is India's largest PGs platform and offers Old age homes and flats in Gurgaon. OSMSTAYS helps college students looking for a PG seat by connecting them with the right colleges and providing full help and guidance. Our team of experts provides an unmatched level of service and ensures We deliver results. Our services are flexible and guarantee our clients the best possible decision regarding on-campus placements &amp; student life.</p>,What is the rent for 1 BHK flat and the deposit amount also?,What's the rent amount for 2Bhk in osmstay?,Do we ask for the security Deposits?,Please call on the given number.,Please call on the given number.,Please call on the given number.,,,,,,Top Hotels,"<p>A commercial establishment offering lodging to travelers and sometimes to permanent residents, and often having restaurants, meeting rooms, stores, etc., that are available to the general public.</p>",Active,pankajsehoriya@gmail.com,pankajsehoriya@gmail.com,2023-10-11T14:22:49.636Z,2023-10-11T14:26:21.093Z,0
6527ca6c2bdae0b5f0792a4e,OSMSTAYS - Boys PG in Gurgaon | Girls PG in Sector 15 Gurugram | 1 RK Flat on Rent,osmstays-pg-sector-15-part-1-gurugram-near-radhakrishna-mandir,Football Coaching Classes,football-coaching-classes,7947125176,admin@osmstays.com,https://osmstays.com/,"92/12, Sector 15 Part 1",Haryana,Gurugram,122001,28.4542916,77.0371164,https://www.facebook.com/osmstays,https://www.instagram.com/osmstays/,10:00,21:00,10:00,21:00,10:00,21:00,10:00,21:00,10:00,21:00,<p>OSMSTAYS is India's largest PGs platform and offers Old age homes and flats in Gurgaon. OSMSTAYS helps college students looking for a PG seat by connecting them with the right colleges and providing full help and guidance. Our team of experts provides an unmatched level of service and ensures We deliver results. Our services are flexible and guarantee our clients the best possible decision regarding on-campus placements &amp; student life.</p>,What is the rent for 1 BHK flat and the deposit amount also?,What's the rent amount for 2Bhk in osmstay?,Do we ask for the security Deposits?,Please call on the given number.,Please call on the given number.,Please call on the given number.,,,,,,Top Hotels,"<p>A commercial establishment offering lodging to travelers and sometimes to permanent residents, and often having restaurants, meeting rooms, stores, etc., that are available to the general public.</p>",Active,pankajsehoriya@gmail.com,pankajsehoriya@gmail.com,2023-10-11T14:22:49.636Z,2023-10-11T14:26:21.093Z,0
6527ca6c2bdae0b5f0792a4f,OSMSTAYS - Boys PG in Gurgaon | Girls PG in Sector 15 Gurugram | 1 RK Flat on Rent,osmstays-pg-sector-15-part-1-gurugram-near-radhakrishna-mandir,Shooting Coaching Classes,shooting-coaching-classes,7947125176,admin@osmstays.com,https://osmstays.com/,"92/12, Sector 15 Part 1",Haryana,Gurugram,122001,28.4542916,77.0371164,https://www.facebook.com/osmstays,https://www.instagram.com/osmstays/,10:00,21:00,10:00,21:00,10:00,21:00,10:00,21:00,10:00,21:00,<p>OSMSTAYS is India's largest PGs platform and offers Old age homes and flats in Gurgaon. OSMSTAYS helps college students looking for a PG seat by connecting them with the right colleges and providing full help and guidance. Our team of experts provides an unmatched level of service and ensures We deliver results. Our services are flexible and guarantee our clients the best possible decision regarding on-campus placements &amp; student life.</p>,What is the rent for 1 BHK flat and the deposit amount also?,What's the rent amount for 2Bhk in osmstay?,Do we ask for the security Deposits?,Please call on the given number.,Please call on the given number.,Please call on the given number.,,,,,,Top Hotels,"<p>A commercial establishment offering lodging to travelers and sometimes to permanent residents, and often having restaurants, meeting rooms, stores, etc., that are available to the general public.</p>",Active,pankajsehoriya@gmail.com,pankajsehoriya@gmail.com,2023-10-11T14:22:49.636Z,2023-10-11T14:26:21.093Z,0
6527ca6c2bdae0b5f0792a50,OSMSTAYS - Boys PG in Gurgaon | Girls PG in Sector 15 Gurugram | 1 RK Flat on Rent,osmstays-pg-sector-15-part-1-gurugram-near-radhakrishna-mandir,Archery Coaching Classes,archery-coaching-classes,7947125176,admin@osmstays.com,https://osmstays.com/,"92/12, Sector 15 Part 1",Haryana,Gurugram,122001,28.4542916,77.0371164,https://www.facebook.com/osmstays,https://www.instagram.com/osmstays/,10:00,21:00,10:00,21:00,10:00,21:00,10:00,21:00,10:00,21:00,<p>OSMSTAYS is India's largest PGs platform and offers Old age homes and flats in Gurgaon. OSMSTAYS helps college students looking for a PG seat by connecting them with the right colleges and providing full help and guidance. Our team of experts provides an unmatched level of service and ensures We deliver results. Our services are flexible and guarantee our clients the best possible decision regarding on-campus placements &amp; student life.</p>,What is the rent for 1 BHK flat and the deposit amount also?,What's the rent amount for 2Bhk in osmstay?,Do we ask for the security Deposits?,Please call on the given number.,Please call on the given number.,Please call on the given number.,,,,,,Top Hotels,"<p>A commercial establishment offering lodging to travelers and sometimes to permanent residents, and often having restaurants, meeting rooms, stores, etc., that are available to the general public.</p>",Active,pankajsehoriya@gmail.com,pankajsehoriya@gmail.com,2023-10-11T14:22:49.636Z,2023-10-11T14:26:21.093Z,0
6527ca6c2bdae0b5f0792a51,OSMSTAYS - Boys PG in Gurgaon | Girls PG in Sector 15 Gurugram | 1 RK Flat on Rent,osmstays-pg-sector-15-part-1-gurugram-near-radhakrishna-mandir,Skating Coaching Classes,skating-coaching-classes,7947125176,admin@osmstays.com,https://osmstays.com/,"92/12, Sector 15 Part 1",Haryana,Gurugram,122001,28.4542916,77.0371164,https://www.facebook.com/osmstays,https://www.instagram.com/osmstays/,10:00,21:00,10:00,21:00,10:00,21:00,10:00,21:00,10:00,21:00,<p>OSMSTAYS is India's largest PGs platform and offers Old age homes and flats in Gurgaon. OSMSTAYS helps college students looking for a PG seat by connecting them with the right colleges and providing full help and guidance. Our team of experts provides an unmatched level of service and ensures We deliver results. Our services are flexible and guarantee our clients the best possible decision regarding on-campus placements &amp; student life.</p>,What is the rent for 1 BHK flat and the deposit amount also?,What's the rent amount for 2Bhk in osmstay?,Do we ask for the security Deposits?,Please call on the given number.,Please call on the given number.,Please call on the given number.,,,,,,Top Hotels,"<p>A commercial establishment offering lodging to travelers and sometimes to permanent residents, and often having restaurants, meeting rooms, stores, etc., that are available to the general public.</p>",Active,pankajsehoriya@gmail.com,pankajsehoriya@gmail.com,2023-10-11T14:22:49.636Z,2023-10-11T14:26:21.093Z,0
6527ca6c2bdae0b5f0792a52,OSMSTAYS - Boys PG in Gurgaon | Girls PG in Sector 15 Gurugram | 1 RK Flat on Rent,osmstays-pg-sector-15-part-1-gurugram-near-radhakrishna-mandir,Snooker Coaching Classes,snooker-coaching-classes,7947125176,admin@osmstays.com,https://osmstays.com/,"92/12, Sector 15 Part 1",Haryana,Gurugram,122001,28.4542916,77.0371164,https://www.facebook.com/osmstays,https://www.instagram.com/osmstays/,10:00,21:00,10:00,21:00,10:00,21:00,10:00,21:00,10:00,21:00,<p>OSMSTAYS is India's largest PGs platform and offers Old age homes and flats in Gurgaon. OSMSTAYS helps college students looking for a PG seat by connecting them with the right colleges and providing full help and guidance. Our team of experts provides an unmatched level of service and ensures We deliver results. Our services are flexible and guarantee our clients the best possible decision regarding on-campus placements &amp; student life.</p>,What is the rent for 1 BHK flat and the deposit amount also?,What's the rent amount for 2Bhk in osmstay?,Do we ask for the security Deposits?,Please call on the given number.,Please call on the given number.,Please call on the given number.,,,,,,Top Hotels,"<p>A commercial establishment offering lodging to travelers and sometimes to permanent residents, and often having restaurants, meeting rooms, stores, etc., that are available to the general public.</p>",Active,pankajsehoriya@gmail.com,pankajsehoriya@gmail.com,2023-10-11T14:22:49.636Z,2023-10-11T14:26:21.093Z,0
6527ca6c2bdae0b5f0792a53,OSMSTAYS - Boys PG in Gurgaon | Girls PG in Sector 15 Gurugram | 1 RK Flat on Rent,osmstays-pg-sector-15-part-1-gurugram-near-radhakrishna-mandir,Hockey Coaching Classes,hockey-coaching-classes,7947125176,admin@osmstays.com,https://osmstays.com/,"92/12, Sector 15 Part 1",Haryana,Gurugram,122001,28.4542916,77.0371164,https://www.facebook.com/osmstays,https://www.instagram.com/osmstays/,10:00,21:00,10:00,21:00,10:00,21:00,10:00,21:00,10:00,21:00,<p>OSMSTAYS is India's largest PGs platform and offers Old age homes and flats in Gurgaon. OSMSTAYS helps college students looking for a PG seat by connecting them with the right colleges and providing full help and guidance. Our team of experts provides an unmatched level of service and ensures We deliver results. Our services are flexible and guarantee our clients the best possible decision regarding on-campus placements &amp; student life.</p>,What is the rent for 1 BHK flat and the deposit amount also?,What's the rent amount for 2Bhk in osmstay?,Do we ask for the security Deposits?,Please call on the given number.,Please call on the given number.,Please call on the given number.,,,,,,Top Hotels,"<p>A commercial establishment offering lodging to travelers and sometimes to permanent residents, and often having restaurants, meeting rooms, stores, etc., that are available to the general public.</p>",Active,pankajsehoriya@gmail.com,pankajsehoriya@gmail.com,2023-10-11T14:22:49.636Z,2023-10-11T14:26:21.093Z,0
6527ca6c2bdae0b5f0792a54,OSMSTAYS - Boys PG in Gurgaon | Girls PG in Sector 15 Gurugram | 1 RK Flat on Rent,osmstays-pg-sector-15-part-1-gurugram-near-radhakrishna-mandir,Baseball Coaching Classes,baseball-coaching-classes,7947125176,admin@osmstays.com,https://osmstays.com/,"92/12, Sector 15 Part 1",Haryana,Gurugram,122001,28.4542916,77.0371164,https://www.facebook.com/osmstays,https://www.instagram.com/osmstays/,10:00,21:00,10:00,21:00,10:00,21:00,10:00,21:00,10:00,21:00,<p>OSMSTAYS is India's largest PGs platform and offers Old age homes and flats in Gurgaon. OSMSTAYS helps college students looking for a PG seat by connecting them with the right colleges and providing full help and guidance. Our team of experts provides an unmatched level of service and ensures We deliver results. Our services are flexible and guarantee our clients the best possible decision regarding on-campus placements &amp; student life.</p>,What is the rent for 1 BHK flat and the deposit amount also?,What's the rent amount for 2Bhk in osmstay?,Do we ask for the security Deposits?,Please call on the given number.,Please call on the given number.,Please call on the given number.,,,,,,Top Hotels,"<p>A commercial establishment offering lodging to travelers and sometimes to permanent residents, and often having restaurants, meeting rooms, stores, etc., that are available to the general public.</p>",Active,pankajsehoriya@gmail.com,pankajsehoriya@gmail.com,2023-10-11T14:22:49.636Z,2023-10-11T14:26:21.093Z,0
6527ca6c2bdae0b5f0792a55,OSMSTAYS - Boys PG in Gurgaon | Girls PG in Sector 15 Gurugram | 1 RK Flat on Rent,osmstays-pg-sector-15-part-1-gurugram-near-radhakrishna-mandir,Golf Coaching Classes,golf-coaching-classes,7947125176,admin@osmstays.com,https://osmstays.com/,"92/12, Sector 15 Part 1",Haryana,Gurugram,122001,28.4542916,77.0371164,https://www.facebook.com/osmstays,https://www.instagram.com/osmstays/,10:00,21:00,10:00,21:00,10:00,21:00,10:00,21:00,10:00,21:00,<p>OSMSTAYS is India's largest PGs platform and offers Old age homes and flats in Gurgaon. OSMSTAYS helps college students looking for a PG seat by connecting them with the right colleges and providing full help and guidance. Our team of experts provides an unmatched level of service and ensures We deliver results. Our services are flexible and guarantee our clients the best possible decision regarding on-campus placements &amp; student life.</p>,What is the rent for 1 BHK flat and the deposit amount also?,What's the rent amount for 2Bhk in osmstay?,Do we ask for the security Deposits?,Please call on the given number.,Please call on the given number.,Please call on the given number.,,,,,,Top Hotels,"<p>A commercial establishment offering lodging to travelers and sometimes to permanent residents, and often having restaurants, meeting rooms, stores, etc., that are available to the general public.</p>",Active,pankajsehoriya@gmail.com,pankajsehoriya@gmail.com,2023-10-11T14:22:49.636Z,2023-10-11T14:26:21.093Z,0
6527ca6c2bdae0b5f0792a56,OSMSTAYS - Boys PG in Gurgaon | Girls PG in Sector 15 Gurugram | 1 RK Flat on Rent,osmstays-pg-sector-15-part-1-gurugram-near-radhakrishna-mandir,Basket Ball Coaching Classes,basket-ball-coaching-classes,7947125176,admin@osmstays.com,https://osmstays.com/,"92/12, Sector 15 Part 1",Haryana,Gurugram,122001,28.4542916,77.0371164,https://www.facebook.com/osmstays,https://www.instagram.com/osmstays/,10:00,21:00,10:00,21:00,10:00,21:00,10:00,21:00,10:00,21:00,<p>OSMSTAYS is India's largest PGs platform and offers Old age homes and flats in Gurgaon. OSMSTAYS helps college students looking for a PG seat by connecting them with the right colleges and providing full help and guidance. Our team of experts provides an unmatched level of service and ensures We deliver results. Our services are flexible and guarantee our clients the best possible decision regarding on-campus placements &amp; student life.</p>,What is the rent for 1 BHK flat and the deposit amount also?,What's the rent amount for 2Bhk in osmstay?,Do we ask for the security Deposits?,Please call on the given number.,Please call on the given number.,Please call on the given number.,,,,,,Top Hotels,"<p>A commercial establishment offering lodging to travelers and sometimes to permanent residents, and often having restaurants, meeting rooms, stores, etc., that are available to the general public.</p>",Active,pankajsehoriya@gmail.com,pankajsehoriya@gmail.com,2023-10-11T14:22:49.636Z,2023-10-11T14:26:21.093Z,0
6527ca6c2bdae0b5f0792a57,OSMSTAYS - Boys PG in Gurgaon | Girls PG in Sector 15 Gurugram | 1 RK Flat on Rent,osmstays-pg-sector-15-part-1-gurugram-near-radhakrishna-mandir,Volley Ball Coaching Classes,volley-ball-coaching-classes,7947125176,admin@osmstays.com,https://osmstays.com/,"92/12, Sector 15 Part 1",Haryana,Gurugram,122001,28.4542916,77.0371164,https://www.facebook.com/osmstays,https://www.instagram.com/osmstays/,10:00,21:00,10:00,21:00,10:00,21:00,10:00,21:00,10:00,21:00,<p>OSMSTAYS is India's largest PGs platform and offers Old age homes and flats in Gurgaon. OSMSTAYS helps college students looking for a PG seat by connecting them with the right colleges and providing full help and guidance. Our team of experts provides an unmatched level of service and ensures We deliver results. Our services are flexible and guarantee our clients the best possible decision regarding on-campus placements &amp; student life.</p>,What is the rent for 1 BHK flat and the deposit amount also?,What's the rent amount for 2Bhk in osmstay?,Do we ask for the security Deposits?,Please call on the given number.,Please call on the given number.,Please call on the given number.,,,,,,Top Hotels,"<p>A commercial establishment offering lodging to travelers and sometimes to permanent residents, and often having restaurants, meeting rooms, stores, etc., that are available to the general public.</p>",Active,pankajsehoriya@gmail.com,pankajsehoriya@gmail.com,2023-10-11T14:22:49.636Z,2023-10-11T14:26:21.093Z,0
6527ca6c2bdae0b5f0792a58,OSMSTAYS - Boys PG in Gurgaon | Girls PG in Sector 15 Gurugram | 1 RK Flat on Rent,osmstays-pg-sector-15-part-1-gurugram-near-radhakrishna-mandir,Table Tennis Coaching Classes,table-tennis-coaching-classes,7947125176,admin@osmstays.com,https://osmstays.com/,"92/12, Sector 15 Part 1",Haryana,Gurugram,122001,28.4542916,77.0371164,https://www.facebook.com/osmstays,https://www.instagram.com/osmstays/,10:00,21:00,10:00,21:00,10:00,21:00,10:00,21:00,10:00,21:00,<p>OSMSTAYS is India's largest PGs platform and offers Old age homes and flats in Gurgaon. OSMSTAYS helps college students looking for a PG seat by connecting them with the right colleges and providing full help and guidance. Our team of experts provides an unmatched level of service and ensures We deliver results. Our services are flexible and guarantee our clients the best possible decision regarding on-campus placements &amp; student life.</p>,What is the rent for 1 BHK flat and the deposit amount also?,What's the rent amount for 2Bhk in osmstay?,Do we ask for the security Deposits?,Please call on the given number.,Please call on the given number.,Please call on the given number.,,,,,,Top Hotels,"<p>A commercial establishment offering lodging to travelers and sometimes to permanent residents, and often having restaurants, meeting rooms, stores, etc., that are available to the general public.</p>",Active,pankajsehoriya@gmail.com,pankajsehoriya@gmail.com,2023-10-11T14:22:49.636Z,2023-10-11T14:26:21.093Z,0
6527ca6c2bdae0b5f0792a59,OSMSTAYS - Boys PG in Gurgaon | Girls PG in Sector 15 Gurugram | 1 RK Flat on Rent,osmstays-pg-sector-15-part-1-gurugram-near-radhakrishna-mandir,Boxing Coaching Classes,boxing-coaching-classes,7947125176,admin@osmstays.com,https://osmstays.com/,"92/12, Sector 15 Part 1",Haryana,Gurugram,122001,28.4542916,77.0371164,https://www.facebook.com/osmstays,https://www.instagram.com/osmstays/,10:00,21:00,10:00,21:00,10:00,21:00,10:00,21:00,10:00,21:00,<p>OSMSTAYS is India's largest PGs platform and offers Old age homes and flats in Gurgaon. OSMSTAYS helps college students looking for a PG seat by connecting them with the right colleges and providing full help and guidance. Our team of experts provides an unmatched level of service and ensures We deliver results. Our services are flexible and guarantee our clients the best possible decision regarding on-campus placements &amp; student life.</p>,What is the rent for 1 BHK flat and the deposit amount also?,What's the rent amount for 2Bhk in osmstay?,Do we ask for the security Deposits?,Please call on the given number.,Please call on the given number.,Please call on the given number.,,,,,,Top Hotels,"<p>A commercial establishment offering lodging to travelers and sometimes to permanent residents, and often having restaurants, meeting rooms, stores, etc., that are available to the general public.</p>",Active,pankajsehoriya@gmail.com,pankajsehoriya@gmail.com,2023-10-11T14:22:49.636Z,2023-10-11T14:26:21.093Z,0
6527ca6c2bdae0b5f0792a5a,OSMSTAYS - Boys PG in Gurgaon | Girls PG in Sector 15 Gurugram | 1 RK Flat on Rent,osmstays-pg-sector-15-part-1-gurugram-near-radhakrishna-mandir,Gymnastic Coaching Classes,gymnastic-coaching-classes,7947125176,admin@osmstays.com,https://osmstays.com/,"92/12, Sector 15 Part 1",Haryana,Gurugram,122001,28.4542916,77.0371164,https://www.facebook.com/osmstays,https://www.instagram.com/osmstays/,10:00,21:00,10:00,21:00,10:00,21:00,10:00,21:00,10:00,21:00,<p>OSMSTAYS is India's largest PGs platform and offers Old age homes and flats in Gurgaon. OSMSTAYS helps college students looking for a PG seat by connecting them with the right colleges and providing full help and guidance. Our team of experts provides an unmatched level of service and ensures We deliver results. Our services are flexible and guarantee our clients the best possible decision regarding on-campus placements &amp; student life.</p>,What is the rent for 1 BHK flat and the deposit amount also?,What's the rent amount for 2Bhk in osmstay?,Do we ask for the security Deposits?,Please call on the given number.,Please call on the given number.,Please call on the given number.,,,,,,Top Hotels,"<p>A commercial establishment offering lodging to travelers and sometimes to permanent residents, and often having restaurants, meeting rooms, stores, etc., that are available to the general public.</p>",Active,pankajsehoriya@gmail.com,pankajsehoriya@gmail.com,2023-10-11T14:22:49.636Z,2023-10-11T14:26:21.093Z,0
6527ca6c2bdae0b5f0792a5b,OSMSTAYS - Boys PG in Gurgaon | Girls PG in Sector 15 Gurugram | 1 RK Flat on Rent,osmstays-pg-sector-15-part-1-gurugram-near-radhakrishna-mandir,Karate Coaching Classes,karate-coaching-classes,7947125176,admin@osmstays.com,https://osmstays.com/,"92/12, Sector 15 Part 1",Haryana,Gurugram,122001,28.4542916,77.0371164,https://www.facebook.com/osmstays,https://www.instagram.com/osmstays/,10:00,21:00,10:00,21:00,10:00,21:00,10:00,21:00,10:00,21:00,<p>OSMSTAYS is India's largest PGs platform and offers Old age homes and flats in Gurgaon. OSMSTAYS helps college students looking for a PG seat by connecting them with the right colleges and providing full help and guidance. Our team of experts provides an unmatched level of service and ensures We deliver results. Our services are flexible and guarantee our clients the best possible decision regarding on-campus placements &amp; student life.</p>,What is the rent for 1 BHK flat and the deposit amount also?,What's the rent amount for 2Bhk in osmstay?,Do we ask for the security Deposits?,Please call on the given number.,Please call on the given number.,Please call on the given number.,,,,,,Top Hotels,"<p>A commercial establishment offering lodging to travelers and sometimes to permanent residents, and often having restaurants, meeting rooms, stores, etc., that are available to the general public.</p>",Active,pankajsehoriya@gmail.com,pankajsehoriya@gmail.com,2023-10-11T14:22:49.636Z,2023-10-11T14:26:21.093Z,0
6527ca6c2bdae0b5f0792a5c,OSMSTAYS - Boys PG in Gurgaon | Girls PG in Sector 15 Gurugram | 1 RK Flat on Rent,osmstays-pg-sector-15-part-1-gurugram-near-radhakrishna-mandir,Skating Coaching Classes,skating-coaching-classes,7947125176,admin@osmstays.com,https://osmstays.com/,"92/12, Sector 15 Part 1",Haryana,Gurugram,122001,28.4542916,77.0371164,https://www.facebook.com/osmstays,https://www.instagram.com/osmstays/,10:00,21:00,10:00,21:00,10:00,21:00,10:00,21:00,10:00,21:00,<p>OSMSTAYS is India's largest PGs platform and offers Old age homes and flats in Gurgaon. OSMSTAYS helps college students looking for a PG seat by connecting them with the right colleges and providing full help and guidance. Our team of experts provides an unmatched level of service and ensures We deliver results. Our services are flexible and guarantee our clients the best possible decision regarding on-campus placements &amp; student life.</p>,What is the rent for 1 BHK flat and the deposit amount also?,What's the rent amount for 2Bhk in osmstay?,Do we ask for the security Deposits?,Please call on the given number.,Please call on the given number.,Please call on the given number.,,,,,,Top Hotels,"<p>A commercial establishment offering lodging to travelers and sometimes to permanent residents, and often having restaurants, meeting rooms, stores, etc., that are available to the general public.</p>",Active,pankajsehoriya@gmail.com,pankajsehoriya@gmail.com,2023-10-11T14:22:49.636Z,2023-10-11T14:26:21.093Z,0
6527ca6c2bdae0b5f0792a5d,OSMSTAYS - Boys PG in Gurgaon | Girls PG in Sector 15 Gurugram | 1 RK Flat on Rent,osmstays-pg-sector-15-part-1-gurugram-near-radhakrishna-mandir,Internet Service Provider,internet-service-provider,7947125176,admin@osmstays.com,https://osmstays.com/,"92/12, Sector 15 Part 1",Haryana,Gurugram,122001,28.4542916,77.0371164,https://www.facebook.com/osmstays,https://www.instagram.com/osmstays/,10:00,21:00,10:00,21:00,10:00,21:00,10:00,21:00,10:00,21:00,<p>OSMSTAYS is India's largest PGs platform and offers Old age homes and flats in Gurgaon. OSMSTAYS helps college students looking for a PG seat by connecting them with the right colleges and providing full help and guidance. Our team of experts provides an unmatched level of service and ensures We deliver results. Our services are flexible and guarantee our clients the best possible decision regarding on-campus placements &amp; student life.</p>,What is the rent for 1 BHK flat and the deposit amount also?,What's the rent amount for 2Bhk in osmstay?,Do we ask for the security Deposits?,Please call on the given number.,Please call on the given number.,Please call on the given number.,,,,,,Top Hotels,"<p>A commercial establishment offering lodging to travelers and sometimes to permanent residents, and often having restaurants, meeting rooms, stores, etc., that are available to the general public.</p>",Active,pankajsehoriya@gmail.com,pankajsehoriya@gmail.com,2023-10-11T14:22:49.636Z,2023-10-11T14:26:21.093Z,0
6527ca6c2bdae0b5f0792a5e,OSMSTAYS - Boys PG in Gurgaon | Girls PG in Sector 15 Gurugram | 1 RK Flat on Rent,osmstays-pg-sector-15-part-1-gurugram-near-radhakrishna-mandir,Cyber Cafes,cyber-cafes,7947125176,admin@osmstays.com,https://osmstays.com/,"92/12, Sector 15 Part 1",Haryana,Gurugram,122001,28.4542916,77.0371164,https://www.facebook.com/osmstays,https://www.instagram.com/osmstays/,10:00,21:00,10:00,21:00,10:00,21:00,10:00,21:00,10:00,21:00,<p>OSMSTAYS is India's largest PGs platform and offers Old age homes and flats in Gurgaon. OSMSTAYS helps college students looking for a PG seat by connecting them with the right colleges and providing full help and guidance. Our team of experts provides an unmatched level of service and ensures We deliver results. Our services are flexible and guarantee our clients the best possible decision regarding on-campus placements &amp; student life.</p>,What is the rent for 1 BHK flat and the deposit amount also?,What's the rent amount for 2Bhk in osmstay?,Do we ask for the security Deposits?,Please call on the given number.,Please call on the given number.,Please call on the given number.,,,,,,Top Hotels,"<p>A commercial establishment offering lodging to travelers and sometimes to permanent residents, and often having restaurants, meeting rooms, stores, etc., that are available to the general public.</p>",Active,pankajsehoriya@gmail.com,pankajsehoriya@gmail.com,2023-10-11T14:22:49.636Z,2023-10-11T14:26:21.093Z,0
6527ca6c2bdae0b5f0792a5f,OSMSTAYS - Boys PG in Gurgaon | Girls PG in Sector 15 Gurugram | 1 RK Flat on Rent,osmstays-pg-sector-15-part-1-gurugram-near-radhakrishna-mandir,Afghani Restaurants,afghani-restaurants,7947125176,admin@osmstays.com,https://osmstays.com/,"92/12, Sector 15 Part 1",Haryana,Gurugram,122001,28.4542916,77.0371164,https://www.facebook.com/osmstays,https://www.instagram.com/osmstays/,10:00,21:00,10:00,21:00,10:00,21:00,10:00,21:00,10:00,21:00,<p>OSMSTAYS is India's largest PGs platform and offers Old age homes and flats in Gurgaon. OSMSTAYS helps college students looking for a PG seat by connecting them with the right colleges and providing full help and guidance. Our team of experts provides an unmatched level of service and ensures We deliver results. Our services are flexible and guarantee our clients the best possible decision regarding on-campus placements &amp; student life.</p>,What is the rent for 1 BHK flat and the deposit amount also?,What's the rent amount for 2Bhk in osmstay?,Do we ask for the security Deposits?,Please call on the given number.,Please call on the given number.,Please call on the given number.,,,,,,Top Hotels,"<p>A commercial establishment offering lodging to travelers and sometimes to permanent residents, and often having restaurants, meeting rooms, stores, etc., that are available to the general public.</p>",Active,pankajsehoriya@gmail.com,pankajsehoriya@gmail.com,2023-10-11T14:22:49.636Z,2023-10-11T14:26:21.093Z,0
6527ca6c2bdae0b5f0792a60,OSMSTAYS - Boys PG in Gurgaon | Girls PG in Sector 15 Gurugram | 1 RK Flat on Rent,osmstays-pg-sector-15-part-1-gurugram-near-radhakrishna-mandir,Chinese Restaurants,chinese-restaurants,7947125176,admin@osmstays.com,https://osmstays.com/,"92/12, Sector 15 Part 1",Haryana,Gurugram,122001,28.4542916,77.0371164,https://www.facebook.com/osmstays,https://www.instagram.com/osmstays/,10:00,21:00,10:00,21:00,10:00,21:00,10:00,21:00,10:00,21:00,<p>OSMSTAYS is India's largest PGs platform and offers Old age homes and flats in Gurgaon. OSMSTAYS helps college students looking for a PG seat by connecting them with the right colleges and providing full help and guidance. Our team of experts provides an unmatched level of service and ensures We deliver results. Our services are flexible and guarantee our clients the best possible decision regarding on-campus placements &amp; student life.</p>,What is the rent for 1 BHK flat and the deposit amount also?,What's the rent amount for 2Bhk in osmstay?,Do we ask for the security Deposits?,Please call on the given number.,Please call on the given number.,Please call on the given number.,,,,,,Top Hotels,"<p>A commercial establishment offering lodging to travelers and sometimes to permanent residents, and often having restaurants, meeting rooms, stores, etc., that are available to the general public.</p>",Active,pankajsehoriya@gmail.com,pankajsehoriya@gmail.com,2023-10-11T14:22:49.636Z,2023-10-11T14:26:21.093Z,0
6527ca6c2bdae0b5f0792a61,OSMSTAYS - Boys PG in Gurgaon | Girls PG in Sector 15 Gurugram | 1 RK Flat on Rent,osmstays-pg-sector-15-part-1-gurugram-near-radhakrishna-mandir,South Indian Restaurants,south-indian-restaurants,7947125176,admin@osmstays.com,https://osmstays.com/,"92/12, Sector 15 Part 1",Haryana,Gurugram,122001,28.4542916,77.0371164,https://www.facebook.com/osmstays,https://www.instagram.com/osmstays/,10:00,21:00,10:00,21:00,10:00,21:00,10:00,21:00,10:00,21:00,<p>OSMSTAYS is India's largest PGs platform and offers Old age homes and flats in Gurgaon. OSMSTAYS helps college students looking for a PG seat by connecting them with the right colleges and providing full help and guidance. Our team of experts provides an unmatched level of service and ensures We deliver results. Our services are flexible and guarantee our clients the best possible decision regarding on-campus placements &amp; student life.</p>,What is the rent for 1 BHK flat and the deposit amount also?,What's the rent amount for 2Bhk in osmstay?,Do we ask for the security Deposits?,Please call on the given number.,Please call on the given number.,Please call on the given number.,,,,,,Top Hotels,"<p>A commercial establishment offering lodging to travelers and sometimes to permanent residents, and often having restaurants, meeting rooms, stores, etc., that are available to the general public.</p>",Active,pankajsehoriya@gmail.com,pankajsehoriya@gmail.com,2023-10-11T14:22:49.636Z,2023-10-11T14:26:21.093Z,0
6527ca6c2bdae0b5f0792a62,OSMSTAYS - Boys PG in Gurgaon | Girls PG in Sector 15 Gurugram | 1 RK Flat on Rent,osmstays-pg-sector-15-part-1-gurugram-near-radhakrishna-mandir,North Indian Restaurants,north-indian-restaurants,7947125176,admin@osmstays.com,https://osmstays.com/,"92/12, Sector 15 Part 1",Haryana,Gurugram,122001,28.4542916,77.0371164,https://www.facebook.com/osmstays,https://www.instagram.com/osmstays/,10:00,21:00,10:00,21:00,10:00,21:00,10:00,21:00,10:00,21:00,<p>OSMSTAYS is India's largest PGs platform and offers Old age homes and flats in Gurgaon. OSMSTAYS helps college students looking for a PG seat by connecting them with the right colleges and providing full help and guidance. Our team of experts provides an unmatched level of service and ensures We deliver results. Our services are flexible and guarantee our clients the best possible decision regarding on-campus placements &amp; student life.</p>,What is the rent for 1 BHK flat and the deposit amount also?,What's the rent amount for 2Bhk in osmstay?,Do we ask for the security Deposits?,Please call on the given number.,Please call on the given number.,Please call on the given number.,,,,,,Top Hotels,"<p>A commercial establishment offering lodging to travelers and sometimes to permanent residents, and often having restaurants, meeting rooms, stores, etc., that are available to the general public.</p>",Active,pankajsehoriya@gmail.com,pankajsehoriya@gmail.com,2023-10-11T14:22:49.636Z,2023-10-11T14:26:21.093Z,0
